target,time,split,day_type,month,hour,actual_value,pattern_prior,prediction,abs_error
rental_count,2025-06-06 20:00:00,test,offday,6,20,14,2.5091533889591906,2.5430318201886415,11.456968179811359
rental_count,2025-10-24 18:00:00,test,weekday,10,18,19,3.721525147391429,8.601192625422035,10.398807374577965
rental_count,2025-09-02 18:00:00,test,weekday,9,18,18,3.677307804946698,8.49398738895907,9.50601261104093
rental_count,2025-09-09 18:00:00,test,weekday,9,18,18,3.677307804946698,8.49398738895907,9.50601261104093
rental_count,2025-09-26 18:00:00,test,weekday,9,18,18,3.677307804946698,8.49398738895907,9.50601261104093
rental_count,2025-10-23 18:00:00,test,weekday,10,18,18,3.721525147391429,8.601192625422035,9.398807374577965
rental_count,2025-10-28 18:00:00,test,weekday,10,18,18,3.721525147391429,8.601192625422035,9.398807374577965
rental_count,2025-08-22 18:00:00,test,weekday,8,18,17,3.3167689361560897,7.619858539377031,9.38014146062297
rental_count,2025-12-03 09:00:00,test,weekday,12,9,11,1.2831290622146694,2.1863155996688968,8.813684400331104
rental_count,2025-11-06 18:00:00,test,weekday,11,18,16,3.1480456288754,7.210787775423972,8.789212224576028
rental_count,2025-07-03 18:00:00,test,weekday,7,18,16,3.2138981473086816,7.370447637821764,8.629552362178236
rental_count,2025-07-07 18:00:00,test,weekday,7,18,16,3.2138981473086816,7.370447637821764,8.629552362178236
rental_count,2025-10-10 18:00:00,test,weekday,10,18,0,3.721525147391429,8.601192625422035,8.601192625422035
rental_count,2025-10-13 18:00:00,test,weekday,10,18,0,3.721525147391429,8.601192625422035,8.601192625422035
rental_count,2025-09-15 18:00:00,test,weekday,9,18,17,3.677307804946698,8.49398738895907,8.50601261104093
rental_count,2025-09-24 18:00:00,test,weekday,9,18,0,3.677307804946698,8.49398738895907,8.49398738895907
rental_count,2025-08-27 18:00:00,test,weekday,8,18,16,3.3167689361560897,7.619858539377031,8.38014146062297
rental_count,2025-12-01 08:00:00,test,weekday,12,8,12,1.1019239446977374,3.6288898734236064,8.371110126576394
rental_count,2025-10-09 21:00:00,test,offday,10,21,11,2.0641005030825315,2.735690254927613,8.264309745072387
rental_count,2025-09-04 08:00:00,test,weekday,9,8,0,2.1708488847952525,8.096199646879231,8.096199646879231
rental_count,2025-08-05 19:00:00,test,weekday,8,19,13,3.070607076983598,4.949903391681915,8.050096608318086
rental_count,2025-04-08 19:00:00,test,weekday,4,19,13,3.2036494869811016,5.174043134548359,7.825956865451641
rental_count,2025-05-08 19:00:00,test,weekday,5,19,13,3.2170210105411647,5.196570461380017,7.803429538619983
rental_count,2025-11-05 18:00:00,test,weekday,11,18,15,3.1480456288754,7.210787775423972,7.789212224576028
rental_count,2025-11-13 18:00:00,test,weekday,11,18,15,3.1480456288754,7.210787775423972,7.789212224576028
rental_count,2025-03-11 18:00:00,test,weekday,3,18,14,2.736080536485027,6.211975709787028,7.788024290212972
rental_count,2025-06-20 08:00:00,test,weekday,6,8,1,2.2995875634429437,8.634231398006799,7.634231398006799
rental_count,2025-06-25 08:00:00,test,weekday,6,8,1,2.2995875634429437,8.634231398006799,7.634231398006799
rental_count,2025-07-11 18:00:00,test,weekday,7,18,15,3.2138981473086816,7.370447637821764,7.629552362178236
rental_count,2025-07-23 18:00:00,test,weekday,7,18,15,3.2138981473086816,7.370447637821764,7.629552362178236
rental_count,2025-11-21 17:00:00,test,weekday,11,17,11,3.3202695757992013,3.3866726685900126,7.613327331409987
rental_count,2025-04-22 08:00:00,test,weekday,4,8,0,2.0428457416912718,7.561241886262957,7.561241886262957
rental_count,2025-09-18 18:00:00,test,weekday,9,18,16,3.677307804946698,8.49398738895907,7.50601261104093
rental_count,2025-09-22 18:00:00,test,weekday,9,18,16,3.677307804946698,8.49398738895907,7.50601261104093
rental_count,2025-08-21 18:00:00,test,weekday,8,18,15,3.3167689361560897,7.619858539377031,7.380141460622969
rental_count,2025-12-08 08:00:00,test,weekday,12,8,11,1.1019239446977374,3.6288898734236064,7.371110126576394
rental_count,2025-07-16 18:00:00,test,weekday,7,18,0,3.2138981473086816,7.370447637821764,7.370447637821764
rental_count,2025-09-14 14:00:00,test,offday,9,14,9,2.761498671992093,1.66503034278436,7.33496965721564
rental_count,2025-10-19 14:00:00,test,offday,10,14,9,2.7947039784056296,1.684309115487801,7.315690884512199
rental_count,2025-04-11 16:00:00,test,weekday,4,16,10,3.7586974019953057,2.7026921161596293,7.297307883840371
rental_count,2025-03-07 08:00:00,test,weekday,3,8,13,1.615208107776175,5.774035217371809,7.225964782628191
rental_count,2025-03-28 08:00:00,test,weekday,3,8,13,1.615208107776175,5.774035217371809,7.225964782628191
rental_count,2025-08-13 08:00:00,test,weekday,8,8,0,1.9580096440369503,7.206690211045788,7.206690211045788
rental_count,2025-08-14 08:00:00,test,weekday,8,8,0,1.9580096440369503,7.206690211045788,7.206690211045788
rental_count,2025-08-07 20:00:00,test,weekday,8,20,10,2.7765133798884323,2.822986741545817,7.177013258454183
rental_count,2025-08-08 20:00:00,test,weekday,8,20,10,2.7765133798884323,2.822986741545817,7.177013258454183
rental_count,2025-09-17 08:00:00,test,weekday,9,8,1,2.1708488847952525,8.096199646879231,7.096199646879231
rental_count,2025-04-10 07:00:00,test,weekday,4,7,11,1.7360096346277654,3.948401088345035,7.051598911654965
rental_count,2025-06-20 18:00:00,test,weekday,6,18,2,3.895384590993614,9.022715985537792,7.022715985537792
rental_count,2025-06-25 18:00:00,test,weekday,6,18,2,3.895384590993614,9.022715985537792,7.022715985537792
rental_count,2025-05-01 18:00:00,test,weekday,5,18,1,3.474920459444184,8.003297943775221,7.003297943775221
rental_count,2025-05-09 18:00:00,test,weekday,5,18,1,3.474920459444184,8.003297943775221,7.003297943775221
rental_count,2025-05-16 18:00:00,test,weekday,5,18,1,3.474920459444184,8.003297943775221,7.003297943775221
rental_count,2025-05-14 18:00:00,test,weekday,5,18,15,3.474920459444184,8.003297943775221,6.996702056224779
rental_count,2025-03-14 19:00:00,test,weekday,3,19,11,2.5330158416958306,4.044210528429397,6.955789471570603
rental_count,2025-07-17 08:00:00,test,weekday,7,8,0,1.8972812663506984,6.952890842177895,6.952890842177895
rental_count,2025-11-07 15:00:00,test,weekday,11,15,9,3.438508443846443,2.0527600285347445,6.9472399714652555
rental_count,2025-06-22 18:00:00,test,offday,6,18,0,3.018291925780438,6.887365267035118,6.887365267035118
rental_count,2025-04-30 19:00:00,test,weekday,4,19,12,3.2036494869811016,5.174043134548359,6.825956865451641
rental_count,2025-10-25 16:00:00,test,offday,10,16,9,3.029088594534125,2.1791654845518704,6.82083451544813
rental_count,2025-05-15 19:00:00,test,weekday,5,19,12,3.2170210105411647,5.196570461380017,6.803429538619983
rental_count,2025-11-03 18:00:00,test,weekday,11,18,14,3.1480456288754,7.210787775423972,6.789212224576028
rental_count,2025-04-26 12:00:00,test,offday,4,12,8,2.085876016432834,1.372429886211147,6.6275701137888525
rental_count,2025-05-01 08:00:00,test,weekday,5,8,1,2.051372254992931,7.596876358597868,6.596876358597868
rental_count,2025-05-09 08:00:00,test,weekday,5,8,1,2.051372254992931,7.596876358597868,6.596876358597868
rental_count,2025-05-16 08:00:00,test,weekday,5,8,1,2.051372254992931,7.596876358597868,6.596876358597868
rental_count,2025-02-26 08:00:00,test,weekday,2,8,10,1.049032110196126,3.407841415911247,6.592158584088753
rental_count,2025-10-06 18:00:00,test,offday,10,18,0,2.8835790257863194,6.55945833972742,6.55945833972742
rental_count,2025-10-07 18:00:00,test,offday,10,18,0,2.8835790257863194,6.55945833972742,6.55945833972742
rental_count,2025-10-18 18:00:00,test,offday,10,18,0,2.8835790257863194,6.55945833972742,6.55945833972742
rental_count,2025-09-04 18:00:00,test,weekday,9,18,15,3.677307804946698,8.49398738895907,6.50601261104093
rental_count,2025-09-30 18:00:00,test,weekday,9,18,15,3.677307804946698,8.49398738895907,6.50601261104093
rental_count,2025-09-16 18:00:00,test,weekday,9,18,2,3.677307804946698,8.49398738895907,6.49398738895907
rental_count,2025-09-19 18:00:00,test,weekday,9,18,2,3.677307804946698,8.49398738895907,6.49398738895907
rental_count,2025-04-06 14:00:00,test,offday,4,14,8,2.5986681257628024,1.5704920466808203,6.429507953319179
rental_count,2025-03-22 16:00:00,test,offday,3,16,8,2.2269983457193314,1.6112985595063734,6.388701440493627
rental_count,2025-08-18 18:00:00,test,weekday,8,18,14,3.3167689361560897,7.619858539377031,6.380141460622969
rental_count,2025-07-14 18:00:00,test,weekday,7,18,1,3.2138981473086816,7.370447637821764,6.370447637821764
rental_count,2025-04-06 15:00:00,test,offday,4,15,8,2.7503015752465023,1.6476885308272915,6.352311469172708
rental_count,2025-09-07 14:00:00,test,offday,9,14,8,2.761498671992093,1.66503034278436,6.33496965721564
rental_count,2025-11-07 20:00:00,test,weekday,11,20,9,2.6352727540922984,2.676716901603415,6.323283098396585
rental_count,2025-01-02 08:00:00,test,weekday,1,8,9,0.8988722737739846,2.780285186595526,6.219714813404474
rental_count,2025-01-21 08:00:00,test,weekday,1,8,9,0.8988722737739846,2.780285186595526,6.219714813404474
rental_count,2025-01-22 08:00:00,test,weekday,1,8,9,0.8988722737739846,2.780285186595526,6.219714813404474
rental_count,2025-10-10 08:00:00,test,weekday,10,8,2,2.1969519943597087,8.205291194938948,6.2052911949389475
rental_count,2025-10-13 08:00:00,test,weekday,10,8,2,2.1969519943597087,8.205291194938948,6.2052911949389475
rental_count,2025-12-21 13:00:00,test,offday,12,13,7,1.279496079915774,0.8912406168116153,6.108759383188385
rental_count,2025-05-24 18:00:00,test,offday,5,18,0,2.6925003476471434,6.094350527295432,6.094350527295432
rental_count,2025-04-05 18:00:00,test,offday,4,18,0,2.6813089902652454,6.067109456754595,6.067109456754595
rental_count,2025-04-12 18:00:00,test,offday,4,18,0,2.6813089902652454,6.067109456754595,6.067109456754595
rental_count,2025-04-19 18:00:00,test,offday,4,18,0,2.6813089902652454,6.067109456754595,6.067109456754595
rental_count,2025-04-01 07:00:00,test,weekday,4,7,10,1.7360096346277654,3.948401088345035,6.051598911654965
rental_count,2025-07-22 08:00:00,test,weekday,7,8,13,1.8972812663506984,6.952890842177895,6.047109157822105
rental_count,2025-09-09 17:00:00,test,weekday,9,17,10,3.8784867390804663,3.9589978164763258,6.041002183523674
rental_count,2025-09-26 17:00:00,test,weekday,9,17,10,3.8784867390804663,3.9589978164763258,6.041002183523674
rental_count,2025-04-28 18:00:00,test,weekday,4,18,14,3.460476978770433,7.968279630250089,6.031720369749911
rental_count,2025-06-13 18:00:00,test,weekday,6,18,3,3.895384590993614,9.022715985537792,6.022715985537792
rental_count,2025-05-29 18:00:00,test,weekday,5,18,2,3.474920459444184,8.003297943775221,6.003297943775221
rental_count,2025-10-02 17:00:00,test,weekday,10,17,10,3.9251231332595373,4.006812865799653,5.993187134200347
rental_count,2025-06-05 18:00:00,test,weekday,6,18,15,3.895384590993614,9.022715985537792,5.977284014462208
rental_count,2025-04-14 18:00:00,test,weekday,4,18,2,3.460476978770433,7.968279630250089,5.968279630250089
rental_count,2025-07-18 08:00:00,test,weekday,7,8,1,1.8972812663506984,6.952890842177895,5.952890842177895
rental_count,2025-06-18 22:00:00,test,weekday,6,22,9,2.4975877390219123,3.064620140151659,5.935379859848341
rental_count,2025-07-04 15:00:00,test,weekday,7,15,8,3.510437020295407,2.093208932277613,5.906791067722387
rental_count,2025-06-07 18:00:00,test,offday,6,18,1,3.018291925780438,6.887365267035118,5.887365267035118
rental_count,2025-06-28 18:00:00,test,offday,6,18,1,3.018291925780438,6.887365267035118,5.887365267035118
rental_count,2025-06-20 19:00:00,test,weekday,6,19,0,3.606279401102949,5.852363419210242,5.852363419210242
rental_count,2025-09-14 16:00:00,test,offday,9,16,8,2.9930984446962747,2.1536850404864474,5.846314959513553
rental_count,2025-09-27 16:00:00,test,offday,9,16,8,2.9930984446962747,2.1536850404864474,5.846314959513553
rental_count,2025-12-02 09:00:00,test,weekday,12,9,8,1.2831290622146694,2.1863155996688968,5.813684400331104
rental_count,2025-08-16 18:00:00,test,offday,8,18,0,2.569958540891017,5.796069461993673,5.796069461993673
rental_count,2025-11-11 18:00:00,test,weekday,11,18,13,3.1480456288754,7.210787775423972,5.789212224576028
rental_count,2025-11-14 18:00:00,test,weekday,11,18,13,3.1480456288754,7.210787775423972,5.789212224576028
rental_count,2025-11-21 18:00:00,test,weekday,11,18,13,3.1480456288754,7.210787775423972,5.789212224576028
rental_count,2025-03-12 18:00:00,test,weekday,3,18,12,2.736080536485027,6.211975709787028,5.788024290212972
rental_count,2025-03-23 14:00:00,test,offday,3,14,7,2.054677815602747,1.254655011122707,5.745344988877293
rental_count,2025-08-16 12:00:00,test,offday,8,12,7,1.9992529406843933,1.3163747131051435,5.6836252868948565
rental_count,2025-07-01 18:00:00,test,weekday,7,18,13,3.2138981473086816,7.370447637821764,5.629552362178236
rental_count,2025-08-13 18:00:00,test,weekday,8,18,2,3.3167689361560897,7.619858539377031,5.619858539377031
rental_count,2025-07-06 18:00:00,test,offday,7,18,0,2.490250346713045,5.602050410846491,5.602050410846491
rental_count,2025-07-13 18:00:00,test,offday,7,18,0,2.490250346713045,5.602050410846491,5.602050410846491
rental_count,2025-02-28 08:00:00,test,weekday,2,8,9,1.049032110196126,3.407841415911247,5.592158584088753
rental_count,2025-08-10 21:00:00,test,offday,8,21,8,1.8396071929077364,2.4160243496588656,5.583975650341134
rental_count,2025-10-10 19:00:00,test,weekday,10,19,0,3.4453233477264966,5.58119689105375,5.58119689105375
rental_count,2025-10-09 18:00:00,test,offday,10,18,1,2.8835790257863194,6.55945833972742,5.55945833972742
rental_count,2025-10-11 18:00:00,test,offday,10,18,1,2.8835790257863194,6.55945833972742,5.55945833972742
rental_count,2025-10-12 18:00:00,test,offday,10,18,1,2.8835790257863194,6.55945833972742,5.55945833972742
rental_count,2025-10-25 18:00:00,test,offday,10,18,1,2.8835790257863194,6.55945833972742,5.55945833972742
rental_count,2025-10-26 18:00:00,test,offday,10,18,1,2.8835790257863194,6.55945833972742,5.55945833972742
rental_count,2025-07-03 17:00:00,test,weekday,7,17,9,3.3897247677564697,3.457883221799727,5.542116778200273
rental_count,2025-09-24 19:00:00,test,weekday,9,19,0,3.4043877000375287,5.512231622405588,5.512231622405588
rental_count,2025-09-25 18:00:00,test,weekday,9,18,14,3.677307804946698,8.49398738895907,5.50601261104093
rental_count,2025-09-08 19:00:00,test,weekday,9,19,11,3.4043877000375287,5.512231622405588,5.487768377594412
rental_count,2025-11-01 18:00:00,test,offday,11,18,0,2.439225314386576,5.477849524616003,5.477849524616003
rental_count,2025-11-08 18:00:00,test,offday,11,18,0,2.439225314386576,5.477849524616003,5.477849524616003
rental_count,2025-06-07 20:00:00,test,offday,6,20,8,2.5091533889591906,2.5430318201886415,5.4569681798113585
rental_count,2025-10-23 19:00:00,test,weekday,10,19,11,3.4453233477264966,5.58119689105375,5.41880310894625
rental_count,2025-05-22 08:00:00,test,weekday,5,8,13,2.051372254992931,7.596876358597868,5.403123641402132
rental_count,2025-10-01 18:00:00,test,weekday,10,18,14,3.721525147391429,8.601192625422035,5.398807374577965
rental_count,2025-10-22 18:00:00,test,weekday,10,18,14,3.721525147391429,8.601192625422035,5.398807374577965
rental_count,2025-10-29 18:00:00,test,weekday,10,18,14,3.721525147391429,8.601192625422035,5.398807374577965
rental_count,2025-08-01 18:00:00,test,weekday,8,18,13,3.3167689361560897,7.619858539377031,5.380141460622969
rental_count,2025-08-11 18:00:00,test,weekday,8,18,13,3.3167689361560897,7.619858539377031,5.380141460622969
rental_count,2025-08-26 18:00:00,test,weekday,8,18,13,3.3167689361560897,7.619858539377031,5.380141460622969
rental_count,2025-12-09 08:00:00,test,weekday,12,8,9,1.1019239446977374,3.6288898734236064,5.371110126576394
rental_count,2025-12-15 08:00:00,test,weekday,12,8,9,1.1019239446977374,3.6288898734236064,5.371110126576394
rental_count,2025-04-26 13:00:00,test,offday,4,13,7,2.372044940981471,1.6305737151159891,5.36942628488401
rental_count,2025-08-23 00:00:00,test,offday,8,0,6,0.8728618451965953,0.6386286164439192,5.361371383556081
rental_count,2025-10-11 14:00:00,test,offday,10,14,7,2.7947039784056296,1.684309115487801,5.315690884512199
rental_count,2025-12-09 19:00:00,test,weekday,12,19,8,1.728068844395693,2.6880969929082417,5.311903007091758
rental_count,2025-07-23 20:00:00,test,weekday,7,20,8,2.690398812629634,2.7338058568063612,5.266194143193639
rental_count,2025-03-14 08:00:00,test,weekday,3,8,11,1.615208107776175,5.774035217371809,5.225964782628191
rental_count,2025-03-25 08:00:00,test,weekday,3,8,11,1.615208107776175,5.774035217371809,5.225964782628191
rental_count,2025-01-07 08:00:00,test,weekday,1,8,8,0.8988722737739846,2.780285186595526,5.219714813404474
rental_count,2025-01-16 08:00:00,test,weekday,1,8,8,0.8988722737739846,2.780285186595526,5.219714813404474
rental_count,2025-01-20 08:00:00,test,weekday,1,8,8,0.8988722737739846,2.780285186595526,5.219714813404474
rental_count,2025-07-15 19:00:00,test,weekday,7,19,10,2.9753710872809758,4.789457032930764,5.210542967069236
rental_count,2025-11-06 08:00:00,test,weekday,11,8,12,1.8584061235058313,6.790421711689169,5.209578288310831
rental_count,2025-05-16 19:00:00,test,weekday,5,19,0,3.2170210105411647,5.196570461380017,5.196570461380017
rental_count,2025-04-09 19:00:00,test,weekday,4,19,0,3.2036494869811016,5.174043134548359,5.174043134548359
rental_count,2025-04-14 19:00:00,test,weekday,4,19,0,3.2036494869811016,5.174043134548359,5.174043134548359
rental_count,2025-09-22 16:00:00,test,weekday,9,16,8,3.994214490541523,2.867035943927923,5.132964056072077
rental_count,2025-02-11 18:00:00,test,weekday,2,18,9,1.7770071392269007,3.886695974422695,5.113304025577305
rental_count,2025-06-30 21:00:00,test,weekday,6,21,9,2.8827265081536964,3.889884913675866,5.110115086324134
rental_count,2025-05-06 18:00:00,test,offday,5,18,1,2.6925003476471434,6.094350527295432,5.094350527295432
rental_count,2025-05-10 18:00:00,test,offday,5,18,1,2.6925003476471434,6.094350527295432,5.094350527295432
rental_count,2025-05-17 18:00:00,test,offday,5,18,1,2.6925003476471434,6.094350527295432,5.094350527295432
rental_count,2025-09-20 09:00:00,test,offday,9,9,7,1.144743062719213,1.919104199395158,5.080895800604842
rental_count,2025-04-13 18:00:00,test,offday,4,18,1,2.6813089902652454,6.067109456754595,5.067109456754595
rental_count,2025-08-03 16:00:00,test,offday,8,16,7,2.699642366317933,1.9459228826608659,5.054077117339134
rental_count,2025-10-25 09:00:00,test,offday,10,9,7,1.15850788706908,1.9469734232431548,5.053026576756845
rental_count,2025-04-03 07:00:00,test,weekday,4,7,9,1.7360096346277654,3.948401088345035,5.051598911654965
rental_count,2025-08-04 19:00:00,test,weekday,8,19,10,3.070607076983598,4.949903391681915,5.050096608318085
rental_count,2025-08-22 19:00:00,test,weekday,8,19,10,3.070607076983598,4.949903391681915,5.050096608318085
rental_count,2025-07-07 08:00:00,test,weekday,7,8,12,1.8972812663506984,6.952890842177895,5.047109157822105
rental_count,2025-05-20 20:00:00,test,weekday,5,20,8,2.9089042183554707,2.960091676073403,5.039908323926597
rental_count,2025-05-29 07:00:00,test,weekday,5,7,9,1.743255462807238,3.967116988288584,5.032883011711416
rental_count,2025-04-11 18:00:00,test,weekday,4,18,13,3.460476978770433,7.968279630250089,5.031720369749911
rental_count,2025-04-15 18:00:00,test,weekday,4,18,13,3.460476978770433,7.968279630250089,5.031720369749911
rental_count,2025-04-24 18:00:00,test,weekday,4,18,13,3.460476978770433,7.968279630250089,5.031720369749911
rental_count,2025-03-28 07:00:00,test,weekday,3,7,8,1.3726033149751566,3.0097262883076663,4.990273711692334
rental_count,2025-06-16 18:00:00,test,weekday,6,18,14,3.895384590993614,9.022715985537792,4.977284014462208
rental_count,2025-04-22 18:00:00,test,weekday,4,18,3,3.460476978770433,7.968279630250089,4.968279630250089
rental_count,2025-03-19 19:00:00,test,weekday,3,19,9,2.5330158416958306,4.044210528429397,4.955789471570603
rental_count,2025-03-20 19:00:00,test,weekday,3,19,9,2.5330158416958306,4.044210528429397,4.955789471570603
rental_count,2025-10-03 17:00:00,test,offday,10,17,8,3.0037813175188446,3.0497063097534687,4.950293690246531
rental_count,2025-10-08 17:00:00,test,offday,10,17,8,3.0037813175188446,3.0497063097534687,4.950293690246531
rental_count,2025-06-23 22:00:00,test,weekday,6,22,8,2.4975877390219123,3.064620140151659,4.935379859848341
rental_count,2025-06-20 09:00:00,test,weekday,6,9,0,2.677741642659777,4.928881926923317,4.928881926923317
rental_count,2025-06-25 09:00:00,test,weekday,6,9,0,2.677741642659777,4.928881926923317,4.928881926923317
rental_count,2025-07-03 00:00:00,test,weekday,7,0,6,1.4933701971117492,1.0818982025703394,4.91810179742966
rental_count,2025-08-20 12:00:00,test,weekday,8,12,7,3.1933528769780293,2.0826559918160146,4.917344008183985
rental_count,2025-09-22 08:00:00,test,weekday,9,8,13,2.1708488847952525,8.096199646879231,4.903800353120769
rental_count,2025-09-29 08:00:00,test,weekday,9,8,13,2.1708488847952525,8.096199646879231,4.903800353120769
rental_count,2025-12-01 18:00:00,test,weekday,12,18,9,1.8666032217515804,4.103922263524525,4.896077736475475
rental_count,2025-04-11 10:00:00,test,weekday,4,10,7,2.7209193100566385,2.110797909898751,4.889202090101249
rental_count,2025-06-08 18:00:00,test,offday,6,18,2,3.018291925780438,6.887365267035118,4.887365267035118
rental_count,2025-05-14 10:00:00,test,weekday,5,10,7,2.7322759946150783,2.119543423804311,4.880456576195689
rental_count,2025-06-13 19:00:00,test,weekday,6,19,1,3.606279401102949,5.852363419210242,4.852363419210242
rental_count,2025-06-25 19:00:00,test,weekday,6,19,1,3.606279401102949,5.852363419210242,4.852363419210242
rental_count,2025-08-31 20:00:00,test,offday,8,20,7,2.136446818574034,2.15264285727456,4.84735714272544
rental_count,2025-09-12 11:00:00,test,weekday,9,11,7,3.2368038859174053,2.1536884030151535,4.8463115969848465
rental_count,2025-10-28 20:00:00,test,weekday,10,20,8,3.1153404304668455,3.1738785488916417,4.826121451108358
rental_count,2025-04-18 19:00:00,test,weekday,4,19,10,3.2036494869811016,5.174043134548359,4.825956865451641
rental_count,2025-04-28 19:00:00,test,weekday,4,19,10,3.2036494869811016,5.174043134548359,4.825956865451641
rental_count,2025-07-22 21:00:00,test,weekday,7,21,8,2.3784017129331962,3.1792882141289445,4.8207117858710555
rental_count,2025-10-26 10:00:00,test,offday,10,10,6,1.5224291476951162,1.1851312244846888,4.814868775515311
rental_count,2025-12-17 09:00:00,test,weekday,12,9,7,1.2831290622146694,2.1863155996688968,4.813684400331104
rental_count,2025-06-27 17:00:00,test,weekday,6,17,9,4.108494116120396,4.1948182368043785,4.8051817631956215
rental_count,2025-05-21 19:00:00,test,weekday,5,19,10,3.2170210105411647,5.196570461380017,4.803429538619983
rental_count,2025-05-28 19:00:00,test,weekday,5,19,10,3.2170210105411647,5.196570461380017,4.803429538619983
rental_count,2025-08-15 18:00:00,test,offday,8,18,1,2.569958540891017,5.796069461993673,4.796069461993673
rental_count,2025-08-23 18:00:00,test,offday,8,18,1,2.569958540891017,5.796069461993673,4.796069461993673
rental_count,2025-08-31 18:00:00,test,offday,8,18,1,2.569958540891017,5.796069461993673,4.796069461993673
rental_count,2025-10-02 08:00:00,test,weekday,10,8,13,2.1969519943597087,8.205291194938948,4.7947088050610525
rental_count,2025-10-27 08:00:00,test,weekday,10,8,13,2.1969519943597087,8.205291194938948,4.7947088050610525
rental_count,2025-07-08 19:00:00,test,weekday,7,19,0,2.9753710872809758,4.789457032930764,4.789457032930764
rental_count,2025-07-14 19:00:00,test,weekday,7,19,0,2.9753710872809758,4.789457032930764,4.789457032930764
rental_count,2025-07-16 19:00:00,test,weekday,7,19,0,2.9753710872809758,4.789457032930764,4.789457032930764
rental_count,2025-07-17 19:00:00,test,weekday,7,19,0,2.9753710872809758,4.789457032930764,4.789457032930764
rental_count,2025-11-07 18:00:00,test,weekday,11,18,12,3.1480456288754,7.210787775423972,4.789212224576028
rental_count,2025-11-24 18:00:00,test,weekday,11,18,12,3.1480456288754,7.210787775423972,4.789212224576028
rental_count,2025-03-17 08:00:00,test,weekday,3,8,1,1.615208107776175,5.774035217371809,4.774035217371809
rental_count,2025-03-22 17:00:00,test,offday,3,17,7,2.20839233196675,2.226565461159459,4.773434538840541
rental_count,2025-09-27 11:00:00,test,offday,9,11,6,1.8699224399618475,1.2617749394083835,4.738225060591617
rental_count,2025-10-02 07:00:00,test,weekday,10,7,9,1.8669690771000587,4.286667986381358,4.713332013618642
rental_count,2025-03-02 18:00:00,test,offday,3,18,0,2.1200191145828002,4.700864364621728,4.700864364621728
rental_count,2025-03-16 18:00:00,test,offday,3,18,0,2.1200191145828002,4.700864364621728,4.700864364621728
rental_count,2025-10-10 09:00:00,test,weekday,10,9,0,2.5582282387253845,4.69385361735407,4.69385361735407
rental_count,2025-09-04 09:00:00,test,weekday,9,9,0,2.527832621443908,4.634079313277676,4.634079313277676
rental_count,2025-09-05 09:00:00,test,weekday,9,9,0,2.527832621443908,4.634079313277676,4.634079313277676
rental_count,2025-09-17 09:00:00,test,weekday,9,9,0,2.527832621443908,4.634079313277676,4.634079313277676
rental_count,2025-07-10 18:00:00,test,weekday,7,18,12,3.2138981473086816,7.370447637821764,4.629552362178236
rental_count,2025-09-03 15:00:00,test,weekday,9,15,7,4.016604404316949,2.377851237253493,4.622148762746507
rental_count,2025-11-07 17:00:00,test,weekday,11,17,8,3.3202695757992013,3.3866726685900126,4.613327331409987
rental_count,2025-07-19 18:00:00,test,offday,7,18,1,2.490250346713045,5.602050410846491,4.602050410846491
rental_count,2025-07-20 18:00:00,test,offday,7,18,1,2.490250346713045,5.602050410846491,4.602050410846491
rental_count,2025-05-02 08:00:00,test,weekday,5,8,3,2.051372254992931,7.596876358597868,4.596876358597868
rental_count,2025-10-02 15:00:00,test,weekday,10,15,7,4.06490157763809,2.4050110645594813,4.594988935440519
rental_count,2025-02-03 08:00:00,test,weekday,2,8,8,1.049032110196126,3.407841415911247,4.592158584088753
rental_count,2025-02-17 08:00:00,test,weekday,2,8,8,1.049032110196126,3.407841415911247,4.592158584088753
rental_count,2025-02-20 08:00:00,test,weekday,2,8,8,1.049032110196126,3.407841415911247,4.592158584088753
rental_count,2025-02-25 08:00:00,test,weekday,2,8,8,1.049032110196126,3.407841415911247,4.592158584088753
rental_count,2025-10-13 19:00:00,test,weekday,10,19,1,3.4453233477264966,5.58119689105375,4.58119689105375
rental_count,2025-10-17 19:00:00,test,weekday,10,19,1,3.4453233477264966,5.58119689105375,4.58119689105375
rental_count,2025-10-08 20:00:00,test,offday,10,20,7,2.3971644435991877,2.425729760845406,4.574270239154594
rental_count,2025-10-25 20:00:00,test,offday,10,20,7,2.3971644435991877,2.425729760845406,4.574270239154594
rental_count,2025-04-28 21:00:00,test,weekday,4,21,8,2.5608790312056504,3.436399863874197,4.563600136125803
rental_count,2025-04-30 08:00:00,test,weekday,4,8,3,2.0428457416912718,7.561241886262957,4.561241886262957
rental_count,2025-10-19 18:00:00,test,offday,10,18,2,2.8835790257863194,6.55945833972742,4.55945833972742
rental_count,2025-06-11 14:00:00,test,weekday,6,14,7,4.178030927378439,2.48531473965292,4.51468526034708
rental_count,2025-11-09 13:00:00,test,offday,11,13,6,2.157883365144069,1.485649540972264,4.514350459027736
rental_count,2025-11-30 13:00:00,test,offday,11,13,6,2.157883365144069,1.485649540972264,4.514350459027736
rental_count,2025-09-12 19:00:00,test,weekday,9,19,1,3.4043877000375287,5.512231622405588,4.512231622405588
rental_count,2025-09-16 19:00:00,test,weekday,9,19,1,3.4043877000375287,5.512231622405588,4.512231622405588
rental_count,2025-06-20 07:00:00,test,weekday,6,7,0,1.9541887497105257,4.511955507042027,4.511955507042027
rental_count,2025-09-15 23:00:00,test,weekday,9,23,6,2.0123704773585636,1.489142656568198,4.510857343431802
rental_count,2025-09-05 18:00:00,test,weekday,9,18,13,3.677307804946698,8.49398738895907,4.50601261104093
rental_count,2025-09-08 18:00:00,test,weekday,9,18,13,3.677307804946698,8.49398738895907,4.50601261104093
rental_count,2025-09-10 18:00:00,test,weekday,9,18,13,3.677307804946698,8.49398738895907,4.50601261104093
rental_count,2025-07-30 22:00:00,test,weekday,7,22,7,2.06064187493639,2.5020331134003353,4.497966886599665
rental_count,2025-07-31 22:00:00,test,weekday,7,22,7,2.06064187493639,2.5020331134003353,4.497966886599665
rental_count,2025-09-12 18:00:00,test,weekday,9,18,4,3.677307804946698,8.49398738895907,4.49398738895907
rental_count,2025-06-07 19:00:00,test,offday,6,19,0,2.8017201393979856,4.490735532672369,4.490735532672369
rental_count,2025-06-14 19:00:00,test,offday,6,19,0,2.8017201393979856,4.490735532672369,4.490735532672369
rental_count,2025-09-29 19:00:00,test,weekday,9,19,10,3.4043877000375287,5.512231622405588,4.487768377594412
rental_count,2025-11-09 18:00:00,test,offday,11,18,1,2.439225314386576,5.477849524616003,4.477849524616003
rental_count,2025-11-23 18:00:00,test,offday,11,18,1,2.439225314386576,5.477849524616003,4.477849524616003
rental_count,2025-11-30 18:00:00,test,offday,11,18,1,2.439225314386576,5.477849524616003,4.477849524616003
rental_count,2025-09-06 18:00:00,test,offday,9,18,2,2.849317749508498,6.476062393011174,4.476062393011174
rental_count,2025-04-03 08:00:00,test,weekday,4,8,12,2.0428457416912718,7.561241886262957,4.438758113737043
rental_count,2025-08-20 17:00:00,test,weekday,8,17,8,3.4982234335050126,3.5691240058612417,4.430875994138758
rental_count,2025-10-31 19:00:00,test,weekday,10,19,10,3.4453233477264966,5.58119689105375,4.41880310894625
rental_count,2025-08-08 18:00:00,test,weekday,8,18,12,3.3167689361560897,7.619858539377031,4.380141460622969
rental_count,2025-08-19 18:00:00,test,weekday,8,18,12,3.3167689361560897,7.619858539377031,4.380141460622969
rental_count,2025-08-28 18:00:00,test,weekday,8,18,12,3.3167689361560897,7.619858539377031,4.380141460622969
rental_count,2025-12-18 08:00:00,test,weekday,12,8,8,1.1019239446977374,3.6288898734236064,4.371110126576394
rental_count,2025-01-24 17:00:00,test,weekday,1,17,6,1.6059451297497012,1.6290216025728326,4.370978397427168
rental_count,2025-09-26 09:00:00,test,weekday,9,9,9,2.527832621443908,4.634079313277676,4.365920686722324
rental_count,2025-06-10 08:00:00,test,weekday,6,8,13,2.2995875634429437,8.634231398006799,4.365768601993201
rental_count,2025-05-01 09:00:00,test,weekday,5,9,0,2.3887087402609155,4.360486146831663,4.360486146831663
rental_count,2025-05-09 09:00:00,test,weekday,5,9,0,2.3887087402609155,4.360486146831663,4.360486146831663
rental_count,2025-04-15 09:00:00,test,weekday,4,9,0,2.3787800904032155,4.340961024832451,4.340961024832451
rental_count,2025-04-22 09:00:00,test,weekday,4,9,0,2.3787800904032155,4.340961024832451,4.340961024832451
rental_count,2025-09-27 14:00:00,test,offday,9,14,6,2.761498671992093,1.66503034278436,4.33496965721564
rental_count,2025-11-05 20:00:00,test,weekday,11,20,7,2.6352727540922984,2.676716901603415,4.323283098396585
rental_count,2025-11-11 19:00:00,test,weekday,11,19,9,2.914405969411544,4.686747634902471,4.313252365097529
rental_count,2025-12-17 19:00:00,test,weekday,12,19,7,1.728068844395693,2.6880969929082417,4.311903007091758
rental_count,2025-12-22 19:00:00,test,weekday,12,19,7,1.728068844395693,2.6880969929082417,4.311903007091758
rental_count,2025-07-13 07:00:00,test,offday,7,7,5,0.4714679286596154,0.6990299562316404,4.300970043768359
rental_count,2025-10-31 21:00:00,test,weekday,10,21,8,2.7540641861011697,3.7085989204567644,4.291401079543236
rental_count,2025-05-27 22:00:00,test,weekday,5,22,7,2.228000478733324,2.7175146799976595,4.2824853200023405
rental_count,2025-10-05 19:00:00,test,offday,10,19,0,2.676673306874442,4.278783371229837,4.278783371229837
rental_count,2025-10-06 19:00:00,test,offday,10,19,0,2.676673306874442,4.278783371229837,4.278783371229837
rental_count,2025-10-07 19:00:00,test,offday,10,19,0,2.676673306874442,4.278783371229837,4.278783371229837
rental_count,2025-04-10 17:00:00,test,weekday,4,17,8,3.649793486147647,3.7245247324958735,4.2754752675041265
rental_count,2025-04-16 17:00:00,test,weekday,4,17,8,3.649793486147647,3.7245247324958735,4.2754752675041265
rental_count,2025-07-07 20:00:00,test,weekday,7,20,7,2.690398812629634,2.7338058568063612,4.266194143193639
rental_count,2025-07-28 20:00:00,test,weekday,7,20,7,2.690398812629634,2.7338058568063612,4.266194143193639
rental_count,2025-10-11 13:00:00,test,offday,10,13,6,2.550985009512119,1.7516633249193587,4.248336675080641
rental_count,2025-06-03 14:00:00,test,offday,6,14,6,2.9252648800453755,1.7601118777126632,4.239888122287336
rental_count,2025-03-22 20:00:00,test,offday,3,20,6,1.7624051207830895,1.7608554242375458,4.239144575762454
rental_count,2025-03-06 08:00:00,test,weekday,3,8,10,1.615208107776175,5.774035217371809,4.225964782628191
rental_count,2025-03-12 08:00:00,test,weekday,3,8,10,1.615208107776175,5.774035217371809,4.225964782628191
rental_count,2025-03-21 08:00:00,test,weekday,3,8,10,1.615208107776175,5.774035217371809,4.225964782628191
rental_count,2025-01-08 08:00:00,test,weekday,1,8,7,0.8988722737739846,2.780285186595526,4.219714813404474
rental_count,2025-01-15 08:00:00,test,weekday,1,8,7,0.8988722737739846,2.780285186595526,4.219714813404474
rental_count,2025-01-23 08:00:00,test,weekday,1,8,7,0.8988722737739846,2.780285186595526,4.219714813404474
rental_count,2025-01-24 08:00:00,test,weekday,1,8,7,0.8988722737739846,2.780285186595526,4.219714813404474
rental_count,2025-03-27 18:00:00,test,weekday,3,18,2,2.736080536485027,6.211975709787028,4.211975709787028
rental_count,2025-07-01 19:00:00,test,weekday,7,19,9,2.9753710872809758,4.789457032930764,4.210542967069236
rental_count,2025-11-19 08:00:00,test,weekday,11,8,11,1.8584061235058313,6.790421711689169,4.209578288310831
rental_count,2025-05-01 19:00:00,test,weekday,5,19,1,3.2170210105411647,5.196570461380017,4.196570461380017
rental_count,2025-05-09 19:00:00,test,weekday,5,19,1,3.2170210105411647,5.196570461380017,4.196570461380017
rental_count,2025-06-20 17:00:00,test,weekday,6,17,0,4.108494116120396,4.1948182368043785,4.1948182368043785
rental_count,2025-08-05 20:00:00,test,weekday,8,20,7,2.7765133798884323,2.822986741545817,4.177013258454183
rental_count,2025-04-17 19:00:00,test,weekday,4,19,1,3.2036494869811016,5.174043134548359,4.174043134548359
rental_count,2025-04-20 22:00:00,test,offday,4,22,6,1.5809193530313772,1.8858591516456022,4.114140848354397
rental_count,2025-02-28 18:00:00,test,weekday,2,18,8,1.7770071392269007,3.886695974422695,4.113304025577305
rental_count,2025-06-23 21:00:00,test,weekday,6,21,8,2.8827265081536964,3.889884913675866,4.110115086324134
rental_count,2025-07-11 11:00:00,test,weekday,7,11,6,2.8289059725045984,1.89038052416263,4.10961947583737
rental_count,2025-12-05 18:00:00,test,weekday,12,18,0,1.8666032217515804,4.103922263524525,4.103922263524525
rental_count,2025-12-23 18:00:00,test,weekday,12,18,0,1.8666032217515804,4.103922263524525,4.103922263524525
rental_count,2025-05-03 18:00:00,test,offday,5,18,2,2.6925003476471434,6.094350527295432,4.094350527295432
rental_count,2025-05-18 18:00:00,test,offday,5,18,2,2.6925003476471434,6.094350527295432,4.094350527295432
rental_count,2025-11-12 09:00:00,test,weekday,11,9,8,2.164010427345905,3.918607136536991,4.081392863463009
rental_count,2025-11-14 09:00:00,test,weekday,11,9,8,2.164010427345905,3.918607136536991,4.081392863463009
rental_count,2025-03-23 11:00:00,test,offday,3,11,5,1.3913054506434934,0.9396712987748216,4.0603287012251785
rental_count,2025-04-25 20:00:00,test,weekday,4,20,7,2.8968133799175946,2.9475703140848886,4.052429685915111
rental_count,2025-04-08 07:00:00,test,weekday,4,7,8,1.7360096346277654,3.948401088345035,4.051598911654965
rental_count,2025-04-17 07:00:00,test,weekday,4,7,8,1.7360096346277654,3.948401088345035,4.051598911654965
rental_count,2025-08-07 19:00:00,test,weekday,8,19,9,3.070607076983598,4.949903391681915,4.050096608318085
rental_count,2025-08-12 19:00:00,test,weekday,8,19,9,3.070607076983598,4.949903391681915,4.050096608318085
rental_count,2025-09-11 17:00:00,test,weekday,9,17,8,3.8784867390804663,3.9589978164763258,4.041002183523674
rental_count,2025-09-23 17:00:00,test,weekday,9,17,8,3.8784867390804663,3.9589978164763258,4.041002183523674
rental_count,2025-09-25 17:00:00,test,weekday,9,17,8,3.8784867390804663,3.9589978164763258,4.041002183523674
rental_count,2025-04-23 18:00:00,test,weekday,4,18,12,3.460476978770433,7.968279630250089,4.031720369749911
rental_count,2025-07-17 09:00:00,test,weekday,7,9,0,2.209278366047136,4.007628507867651,4.007628507867651
rental_count,2025-10-10 17:00:00,test,weekday,10,17,0,3.9251231332595373,4.006812865799653,4.006812865799653
rental_count,2025-10-13 17:00:00,test,weekday,10,17,0,3.9251231332595373,4.006812865799653,4.006812865799653
rental_count,2025-05-13 18:00:00,test,weekday,5,18,12,3.474920459444184,8.003297943775221,3.9967020562247786
rental_count,2025-05-20 18:00:00,test,weekday,5,18,12,3.474920459444184,8.003297943775221,3.9967020562247786
rental_count,2025-10-17 17:00:00,test,weekday,10,17,8,3.9251231332595373,4.006812865799653,3.9931871342003467
rental_count,2025-10-29 17:00:00,test,weekday,10,17,8,3.9251231332595373,4.006812865799653,3.9931871342003467
rental_count,2025-07-23 09:00:00,test,weekday,7,9,8,2.209278366047136,4.007628507867651,3.9923714921323494
rental_count,2025-07-12 10:00:00,test,offday,7,10,5,1.3147653242691983,1.0171607849070767,3.9828392150929233
rental_count,2025-07-24 12:00:00,test,weekday,7,12,6,3.094309881868583,2.0205956428896967,3.9794043571103033
rental_count,2025-05-03 19:00:00,test,offday,5,19,0,2.499305115222917,3.978147434812847,3.978147434812847
rental_count,2025-05-10 19:00:00,test,offday,5,19,0,2.499305115222917,3.978147434812847,3.978147434812847
rental_count,2025-05-17 19:00:00,test,offday,5,19,0,2.499305115222917,3.978147434812847,3.978147434812847
rental_count,2025-05-24 19:00:00,test,offday,5,19,0,2.499305115222917,3.978147434812847,3.978147434812847
rental_count,2025-06-23 18:00:00,test,weekday,6,18,13,3.895384590993614,9.022715985537792,3.9772840144622084
rental_count,2025-04-04 18:00:00,test,weekday,4,18,4,3.460476978770433,7.968279630250089,3.9682796302500893
rental_count,2025-05-03 16:00:00,test,offday,5,16,6,2.828367809900104,2.0370584150154096,3.9629415849845904
rental_count,2025-04-05 19:00:00,test,offday,4,19,0,2.488916772367063,3.9605393780738662,3.9605393780738662
rental_count,2025-04-12 19:00:00,test,offday,4,19,0,2.488916772367063,3.9605393780738662,3.9605393780738662
rental_count,2025-04-19 19:00:00,test,offday,4,19,0,2.488916772367063,3.9605393780738662,3.9605393780738662
rental_count,2025-09-19 17:00:00,test,weekday,9,17,0,3.8784867390804663,3.9589978164763258,3.9589978164763258
rental_count,2025-09-24 17:00:00,test,weekday,9,17,0,3.8784867390804663,3.9589978164763258,3.9589978164763258
rental_count,2025-03-18 19:00:00,test,weekday,3,19,8,2.5330158416958306,4.044210528429397,3.9557894715706032
rental_count,2025-03-27 19:00:00,test,weekday,3,19,8,2.5330158416958306,4.044210528429397,3.9557894715706032
rental_count,2025-08-13 19:00:00,test,weekday,8,19,1,3.070607076983598,4.949903391681915,3.9499033916819153
rental_count,2025-04-22 07:00:00,test,weekday,4,7,0,1.7360096346277654,3.948401088345035,3.948401088345035
rental_count,2025-06-29 09:00:00,test,offday,6,9,6,1.2126301967881892,2.0565532279972234,3.9434467720027766
rental_count,2025-06-19 09:00:00,test,weekday,6,9,1,2.677741642659777,4.928881926923317,3.9288819269233173
rental_count,2025-11-08 11:00:00,test,offday,11,11,5,1.6007909796235402,1.0806526117044357,3.9193473882955643
rental_count,2025-11-30 11:00:00,test,offday,11,11,5,1.6007909796235402,1.0806526117044357,3.9193473882955643
rental_count,2025-09-02 08:00:00,test,weekday,9,8,12,2.1708488847952525,8.096199646879231,3.9038003531207686
rental_count,2025-09-24 08:00:00,test,weekday,9,8,12,2.1708488847952525,8.096199646879231,3.9038003531207686
rental_count,2025-09-30 08:00:00,test,weekday,9,8,12,2.1708488847952525,8.096199646879231,3.9038003531207686
rental_count,2025-03-11 22:00:00,test,weekday,3,22,6,1.754281519904668,2.1075806756538547,3.8924193243461453
rental_count,2025-06-02 21:00:00,test,weekday,6,21,0,2.8827265081536964,3.889884913675866,3.889884913675866
rental_count,2025-06-13 21:00:00,test,weekday,6,21,0,2.8827265081536964,3.889884913675866,3.889884913675866
rental_count,2025-06-18 21:00:00,test,weekday,6,21,0,2.8827265081536964,3.889884913675866,3.889884913675866
rental_count,2025-06-20 21:00:00,test,weekday,6,21,0,2.8827265081536964,3.889884913675866,3.889884913675866
rental_count,2025-06-24 21:00:00,test,weekday,6,21,0,2.8827265081536964,3.889884913675866,3.889884913675866
rental_count,2025-11-26 21:00:00,test,weekday,11,21,7,2.3296684502522247,3.110622751023744,3.889377248976256
rental_count,2025-06-03 18:00:00,test,offday,6,18,3,3.018291925780438,6.887365267035118,3.8873652670351184
rental_count,2025-06-14 18:00:00,test,offday,6,18,3,3.018291925780438,6.887365267035118,3.8873652670351184
rental_count,2025-06-15 18:00:00,test,offday,6,18,3,3.018291925780438,6.887365267035118,3.8873652670351184
rental_count,2025-06-29 18:00:00,test,offday,6,18,3,3.018291925780438,6.887365267035118,3.8873652670351184
rental_count,2025-02-06 18:00:00,test,weekday,2,18,0,1.7770071392269007,3.886695974422695,3.886695974422695
rental_count,2025-05-23 10:00:00,test,weekday,5,10,6,2.7322759946150783,2.119543423804311,3.880456576195689
rental_count,2025-09-18 20:00:00,test,weekday,9,20,7,3.0783254784807155,3.135545589999901,3.864454410000099
rental_count,2025-09-25 20:00:00,test,weekday,9,20,7,3.0783254784807155,3.135545589999901,3.864454410000099
rental_count,2025-08-18 09:00:00,test,weekday,8,9,8,2.2799931796105652,4.146692265958257,3.853307734041743
rental_count,2025-06-02 19:00:00,test,weekday,6,19,2,3.606279401102949,5.852363419210242,3.852363419210242
rental_count,2025-06-18 19:00:00,test,weekday,6,19,2,3.606279401102949,5.852363419210242,3.852363419210242
rental_count,2025-01-20 19:00:00,test,weekday,1,19,6,1.4096373700509968,2.151627841593692,3.848372158406308
rental_count,2025-01-22 19:00:00,test,weekday,1,19,6,1.4096373700509968,2.151627841593692,3.848372158406308
rental_count,2025-08-17 20:00:00,test,offday,8,20,6,2.136446818574034,2.15264285727456,3.84735714272544
rental_count,2025-03-05 16:00:00,test,weekday,3,16,6,2.9718732033843236,2.153646179074375,3.846353820925625
rental_count,2025-02-27 12:00:00,test,weekday,2,12,5,1.7108851926951565,1.1537416182460394,3.8462583817539606
rental_count,2025-04-23 12:00:00,test,weekday,4,12,6,3.3317135828821436,2.1693528215777995,3.8306471784222005
rental_count,2025-04-24 19:00:00,test,weekday,4,19,9,3.2036494869811016,5.174043134548359,3.8259568654516407
rental_count,2025-10-04 16:00:00,test,offday,10,16,6,3.029088594534125,2.1791654845518704,3.8208345154481296
rental_count,2025-07-15 21:00:00,test,weekday,7,21,7,2.3784017129331962,3.1792882141289445,3.8207117858710555
rental_count,2025-12-01 09:00:00,test,weekday,12,9,6,1.2831290622146694,2.1863155996688968,3.8136844003311032
rental_count,2025-12-16 09:00:00,test,weekday,12,9,6,1.2831290622146694,2.1863155996688968,3.8136844003311032
rental_count,2025-12-24 09:00:00,test,weekday,12,9,6,1.2831290622146694,2.1863155996688968,3.8136844003311032
rental_count,2025-05-17 11:00:00,test,offday,5,11,5,1.7670078461901824,1.1925146204728012,3.807485379527199
rental_count,2025-06-05 17:00:00,test,weekday,6,17,8,4.108494116120396,4.1948182368043785,3.8051817631956215
rental_count,2025-05-20 19:00:00,test,weekday,5,19,9,3.2170210105411647,5.196570461380017,3.803429538619983
rental_count,2025-05-30 19:00:00,test,weekday,5,19,9,3.2170210105411647,5.196570461380017,3.803429538619983
rental_count,2025-08-03 18:00:00,test,offday,8,18,2,2.569958540891017,5.796069461993673,3.796069461993673
rental_count,2025-08-09 18:00:00,test,offday,8,18,2,2.569958540891017,5.796069461993673,3.796069461993673
rental_count,2025-08-24 18:00:00,test,offday,8,18,2,2.569958540891017,5.796069461993673,3.796069461993673
rental_count,2025-08-30 18:00:00,test,offday,8,18,2,2.569958540891017,5.796069461993673,3.796069461993673
rental_count,2025-10-29 08:00:00,test,weekday,10,8,12,2.1969519943597087,8.205291194938948,3.7947088050610525
rental_count,2025-12-09 12:00:00,test,weekday,12,12,5,1.7971474296502974,1.207793543055916,3.792206456944084
rental_count,2025-07-18 19:00:00,test,weekday,7,19,1,2.9753710872809758,4.789457032930764,3.7894570329307644
rental_count,2025-11-12 18:00:00,test,weekday,11,18,11,3.1480456288754,7.210787775423972,3.789212224576028
rental_count,2025-11-28 18:00:00,test,weekday,11,18,11,3.1480456288754,7.210787775423972,3.789212224576028
rental_count,2025-03-10 18:00:00,test,weekday,3,18,10,2.736080536485027,6.211975709787028,3.788024290212972
rental_count,2025-03-25 18:00:00,test,weekday,3,18,10,2.736080536485027,6.211975709787028,3.788024290212972
rental_count,2025-08-30 19:00:00,test,offday,8,19,0,2.385556062331659,3.7853448093020905,3.7853448093020905
rental_count,2025-04-29 14:00:00,test,weekday,4,14,6,3.7115667280226385,2.220648398807862,3.779351601192138
rental_count,2025-03-15 17:00:00,test,offday,3,17,6,2.20839233196675,2.226565461159459,3.773434538840541
rental_count,2025-09-10 07:00:00,test,weekday,9,7,8,1.8447866632384404,4.229371038667833,3.770628961332167
rental_count,2025-09-29 07:00:00,test,weekday,9,7,8,1.8447866632384404,4.229371038667833,3.770628961332167
rental_count,2025-08-13 07:00:00,test,weekday,8,7,0,1.6639159469417857,3.7621838317566416,3.7621838317566416
rental_count,2025-08-14 07:00:00,test,weekday,8,7,0,1.6639159469417857,3.7621838317566416,3.7621838317566416
rental_count,2025-08-26 07:00:00,test,weekday,8,7,0,1.6639159469417857,3.7621838317566416,3.7621838317566416
rental_count,2025-03-03 14:00:00,test,offday,3,14,5,2.054677815602747,1.254655011122707,3.745344988877293
rental_count,2025-05-16 17:00:00,test,weekday,5,17,0,3.6650271438207827,3.7401433948268172,3.7401433948268172
rental_count,2025-05-19 17:00:00,test,weekday,5,17,0,3.6650271438207827,3.7401433948268172,3.7401433948268172
rental_count,2025-07-02 13:00:00,test,weekday,7,13,6,3.3051630943134396,2.2652290528381274,3.7347709471618726
rental_count,2025-01-08 18:00:00,test,weekday,1,18,7,1.5226439993823044,3.2699908753184843,3.7300091246815157
rental_count,2025-01-21 18:00:00,test,weekday,1,18,7,1.5226439993823044,3.2699908753184843,3.7300091246815157
rental_count,2025-04-14 17:00:00,test,weekday,4,17,0,3.649793486147647,3.7245247324958735,3.7245247324958735
rental_count,2025-06-30 11:00:00,test,weekday,6,11,6,3.428757300193877,2.2775989323158665,3.7224010676841335
rental_count,2025-10-08 19:00:00,test,offday,10,19,8,2.676673306874442,4.278783371229837,3.721216628770163
rental_count,2025-06-28 16:00:00,test,offday,6,16,6,3.1705993023246033,2.2793527772071958,3.7206472227928042
rental_count,2025-08-01 21:00:00,test,weekday,8,21,7,2.454529844314818,3.286553213619607,3.713446786380393
rental_count,2025-08-28 21:00:00,test,weekday,8,21,7,2.454529844314818,3.286553213619607,3.713446786380393
rental_count,2025-10-10 21:00:00,test,weekday,10,21,0,2.7540641861011697,3.7085989204567644,3.7085989204567644
rental_count,2025-10-17 21:00:00,test,weekday,10,21,0,2.7540641861011697,3.7085989204567644,3.7085989204567644
rental_count,2025-03-01 18:00:00,test,offday,3,18,1,2.1200191145828002,4.700864364621728,3.7008643646217276
rental_count,2025-03-03 18:00:00,test,offday,3,18,1,2.1200191145828002,4.700864364621728,3.7008643646217276
rental_count,2025-03-08 18:00:00,test,offday,3,18,1,2.1200191145828002,4.700864364621728,3.7008643646217276
rental_count,2025-03-30 18:00:00,test,offday,3,18,1,2.1200191145828002,4.700864364621728,3.7008643646217276
return_count,2025-09-24 07:00:00,test,weekday,9,7,23,3.005364784825527,7.5213552097098635,15.478644790290137
return_count,2025-07-23 07:00:00,test,weekday,7,7,19,2.6101468706049533,6.4292817221700425,12.570718277829958
return_count,2025-11-05 08:00:00,test,weekday,11,8,20,2.946969117304363,8.231647184960277,11.768352815039723
return_count,2025-07-02 07:00:00,test,weekday,7,7,18,2.6101468706049533,6.4292817221700425,11.570718277829958
return_count,2025-09-27 16:00:00,test,offday,9,16,14,3.0640814619269983,2.5067631127769627,11.493236887223038
return_count,2025-11-19 08:00:00,test,weekday,11,8,19,2.946969117304363,8.231647184960277,10.768352815039723
return_count,2025-07-22 07:00:00,test,weekday,7,7,17,2.6101468706049533,6.4292817221700425,10.570718277829958
return_count,2025-07-30 07:00:00,test,weekday,7,7,17,2.6101468706049533,6.4292817221700425,10.570718277829958
return_count,2025-10-31 08:00:00,test,weekday,10,8,20,3.34489693490056,9.460735005506915,10.539264994493085
return_count,2025-09-11 07:00:00,test,weekday,9,7,18,3.005364784825527,7.5213552097098635,10.478644790290137
return_count,2025-09-26 08:00:00,test,weekday,9,8,20,3.3893492803849976,9.598035877709563,10.401964122290437
return_count,2025-11-07 08:00:00,test,weekday,11,8,18,2.946969117304363,8.231647184960277,9.768352815039723
return_count,2025-07-03 07:00:00,test,weekday,7,7,16,2.6101468706049533,6.4292817221700425,9.570718277829958
return_count,2025-07-09 07:00:00,test,weekday,7,7,16,2.6101468706049533,6.4292817221700425,9.570718277829958
return_count,2025-07-10 07:00:00,test,weekday,7,7,16,2.6101468706049533,6.4292817221700425,9.570718277829958
return_count,2025-07-24 07:00:00,test,weekday,7,7,16,2.6101468706049533,6.4292817221700425,9.570718277829958
return_count,2025-10-02 08:00:00,test,weekday,10,8,19,3.34489693490056,9.460735005506915,9.539264994493085
return_count,2025-10-21 08:00:00,test,weekday,10,8,19,3.34489693490056,9.460735005506915,9.539264994493085
return_count,2025-10-23 08:00:00,test,weekday,10,8,19,3.34489693490056,9.460735005506915,9.539264994493085
return_count,2025-10-09 16:00:00,test,offday,10,16,12,3.0238951026968364,2.477140936316092,9.522859063683908
return_count,2025-09-16 07:00:00,test,weekday,9,7,17,3.005364784825527,7.5213552097098635,9.478644790290137
return_count,2025-09-23 07:00:00,test,weekday,9,7,17,3.005364784825527,7.5213552097098635,9.478644790290137
return_count,2025-06-20 08:00:00,test,weekday,6,8,0,3.3462839626807277,9.465019146690265,9.465019146690265
return_count,2025-08-20 07:00:00,test,weekday,8,7,16,2.688679165012666,6.646283617965862,9.353716382034138
return_count,2025-08-28 07:00:00,test,weekday,8,7,16,2.688679165012666,6.646283617965862,9.353716382034138
return_count,2025-04-22 08:00:00,test,weekday,4,8,0,3.1546569283831696,8.873136791329006,8.873136791329006
return_count,2025-11-18 08:00:00,test,weekday,11,8,17,2.946969117304363,8.231647184960277,8.768352815039723
return_count,2025-03-20 07:00:00,test,weekday,3,7,14,2.189936774139432,5.26814937205488,8.73185062794512
return_count,2025-09-04 08:00:00,test,weekday,9,8,1,3.3893492803849976,9.598035877709563,8.598035877709563
return_count,2025-10-31 07:00:00,test,weekday,10,7,16,2.9659485126534673,7.412439433709041,8.587560566290959
return_count,2025-11-07 07:00:00,test,weekday,11,7,15,2.61310253810987,6.4374488775644725,8.562551122435528
return_count,2025-10-01 08:00:00,test,weekday,10,8,18,3.34489693490056,9.460735005506915,8.539264994493085
return_count,2025-10-17 08:00:00,test,weekday,10,8,18,3.34489693490056,9.460735005506915,8.539264994493085
return_count,2025-08-13 08:00:00,test,weekday,8,8,0,3.032201894137405,8.494907412781714,8.494907412781714
return_count,2025-08-14 08:00:00,test,weekday,8,8,0,3.032201894137405,8.494907412781714,8.494907412781714
return_count,2025-09-02 07:00:00,test,weekday,9,7,16,3.005364784825527,7.5213552097098635,8.478644790290137
return_count,2025-09-08 07:00:00,test,weekday,9,7,16,3.005364784825527,7.5213552097098635,8.478644790290137
return_count,2025-09-10 07:00:00,test,weekday,9,7,16,3.005364784825527,7.5213552097098635,8.478644790290137
return_count,2025-09-12 07:00:00,test,weekday,9,7,16,3.005364784825527,7.5213552097098635,8.478644790290137
return_count,2025-09-26 07:00:00,test,weekday,9,7,16,3.005364784825527,7.5213552097098635,8.478644790290137
return_count,2025-09-30 07:00:00,test,weekday,9,7,16,3.005364784825527,7.5213552097098635,8.478644790290137
return_count,2025-09-10 08:00:00,test,weekday,9,8,18,3.3893492803849976,9.598035877709563,8.401964122290437
return_count,2025-09-22 08:00:00,test,weekday,9,8,18,3.3893492803849976,9.598035877709563,8.401964122290437
return_count,2025-12-03 08:00:00,test,weekday,12,8,13,1.785880202851916,4.645368015170314,8.354631984829686
return_count,2025-08-19 07:00:00,test,weekday,8,7,15,2.688679165012666,6.646283617965862,8.353716382034138
return_count,2025-08-21 07:00:00,test,weekday,8,7,15,2.688679165012666,6.646283617965862,8.353716382034138
return_count,2025-08-27 07:00:00,test,weekday,8,7,15,2.688679165012666,6.646283617965862,8.353716382034138
return_count,2025-07-26 21:00:00,test,offday,7,21,10,1.4478746194249712,1.6711547042231465,8.328845295776853
return_count,2025-07-17 08:00:00,test,weekday,7,8,0,2.9436358149440545,8.22135154551993,8.22135154551993
return_count,2025-04-29 08:00:00,test,weekday,4,8,17,3.1546569283831696,8.873136791329006,8.126863208670994
return_count,2025-05-09 08:00:00,test,weekday,5,8,1,3.159627457249084,8.888489365893097,7.888489365893097
return_count,2025-07-04 08:00:00,test,weekday,7,8,16,2.9436358149440545,8.22135154551993,7.77864845448007
return_count,2025-07-29 08:00:00,test,weekday,7,8,16,2.9436358149440545,8.22135154551993,7.77864845448007
return_count,2025-08-27 21:00:00,test,weekday,8,21,10,1.8414516883292265,2.22164809689279,7.77835190310721
return_count,2025-11-10 08:00:00,test,weekday,11,8,16,2.946969117304363,8.231647184960277,7.768352815039723
return_count,2025-11-12 08:00:00,test,weekday,11,8,16,2.946969117304363,8.231647184960277,7.768352815039723
return_count,2025-11-20 08:00:00,test,weekday,11,8,16,2.946969117304363,8.231647184960277,7.768352815039723
return_count,2025-11-26 08:00:00,test,weekday,11,8,16,2.946969117304363,8.231647184960277,7.768352815039723
return_count,2025-04-11 20:00:00,test,weekday,4,20,10,2.2421203633498963,2.303883384732483,7.696116615267517
return_count,2025-10-01 07:00:00,test,weekday,10,7,15,2.9659485126534673,7.412439433709041,7.587560566290959
return_count,2025-10-02 07:00:00,test,weekday,10,7,15,2.9659485126534673,7.412439433709041,7.587560566290959
return_count,2025-10-17 07:00:00,test,weekday,10,7,15,2.9659485126534673,7.412439433709041,7.587560566290959
return_count,2025-10-21 07:00:00,test,weekday,10,7,15,2.9659485126534673,7.412439433709041,7.587560566290959
return_count,2025-10-22 07:00:00,test,weekday,10,7,15,2.9659485126534673,7.412439433709041,7.587560566290959
return_count,2025-04-11 18:00:00,test,weekday,4,18,14,2.9636500461419306,6.415369508153111,7.584630491846889
return_count,2025-06-12 07:00:00,test,weekday,6,7,15,2.9671784019629626,7.415837886712259,7.584162113287741
return_count,2025-07-28 07:00:00,test,weekday,7,7,14,2.6101468706049533,6.4292817221700425,7.5707182778299575
return_count,2025-07-29 07:00:00,test,weekday,7,7,14,2.6101468706049533,6.4292817221700425,7.5707182778299575
return_count,2025-11-06 07:00:00,test,weekday,11,7,14,2.61310253810987,6.4374488775644725,7.5625511224355275
return_count,2025-10-23 20:00:00,test,weekday,10,20,10,2.377330309223494,2.4438892482859695,7.55611075171403
return_count,2025-10-15 08:00:00,test,weekday,10,8,17,3.34489693490056,9.460735005506915,7.5392649944930845
return_count,2025-09-26 19:00:00,test,weekday,9,19,11,2.7929085759194066,3.4729269335570754,7.527073066442925
return_count,2025-09-09 07:00:00,test,weekday,9,7,15,3.005364784825527,7.5213552097098635,7.4786447902901365
return_count,2025-01-22 18:00:00,test,weekday,1,18,10,1.307192070444119,2.531602945060742,7.468397054939258
return_count,2025-09-09 08:00:00,test,weekday,9,8,17,3.3893492803849976,9.598035877709563,7.401964122290437
return_count,2025-09-12 08:00:00,test,weekday,9,8,17,3.3893492803849976,9.598035877709563,7.401964122290437
return_count,2025-12-09 08:00:00,test,weekday,12,8,12,1.785880202851916,4.645368015170314,7.354631984829686
return_count,2025-12-10 08:00:00,test,weekday,12,8,12,1.785880202851916,4.645368015170314,7.354631984829686
return_count,2025-12-15 08:00:00,test,weekday,12,8,12,1.785880202851916,4.645368015170314,7.354631984829686
return_count,2025-12-16 08:00:00,test,weekday,12,8,12,1.785880202851916,4.645368015170314,7.354631984829686
return_count,2025-08-01 07:00:00,test,weekday,8,7,14,2.688679165012666,6.646283617965862,7.353716382034138
return_count,2025-08-08 07:00:00,test,weekday,8,7,14,2.688679165012666,6.646283617965862,7.353716382034138
return_count,2025-09-27 13:00:00,test,offday,9,13,9,2.996238796184558,1.8589380013467407,7.141061998653259
return_count,2025-11-11 18:00:00,test,weekday,11,18,13,2.7685372320197668,5.957903858775987,7.042096141224013
return_count,2025-11-10 19:00:00,test,weekday,11,19,10,2.428376257449064,3.011644870751448,6.988355129248552
return_count,2025-09-19 18:00:00,test,weekday,9,18,0,3.18413234124711,6.932316981645537,6.932316981645537
return_count,2025-06-14 12:00:00,test,offday,6,12,9,2.761052223204791,2.1021235139839574,6.897876486016043
return_count,2025-05-01 08:00:00,test,weekday,5,8,2,3.159627457249084,8.888489365893097,6.888489365893097
return_count,2025-08-21 18:00:00,test,weekday,8,18,13,2.848609369411744,6.145642693325829,6.854357306674171
return_count,2025-08-26 18:00:00,test,weekday,8,18,13,2.848609369411744,6.145642693325829,6.854357306674171
return_count,2025-06-20 18:00:00,test,weekday,6,18,0,3.143674524850957,6.837458725752315,6.837458725752315
return_count,2025-06-25 18:00:00,test,weekday,6,18,0,3.143674524850957,6.837458725752315,6.837458725752315
return_count,2025-10-10 18:00:00,test,weekday,10,18,0,3.1423714782636374,6.834403575039026,6.834403575039026
return_count,2025-10-13 18:00:00,test,weekday,10,18,0,3.1423714782636374,6.834403575039026,6.834403575039026
return_count,2025-07-25 08:00:00,test,weekday,7,8,15,2.9436358149440545,8.22135154551993,6.77864845448007
return_count,2025-11-03 08:00:00,test,weekday,11,8,15,2.946969117304363,8.231647184960277,6.768352815039723
return_count,2025-11-06 08:00:00,test,weekday,11,8,15,2.946969117304363,8.231647184960277,6.768352815039723
return_count,2025-11-13 08:00:00,test,weekday,11,8,15,2.946969117304363,8.231647184960277,6.768352815039723
return_count,2025-10-02 06:00:00,test,weekday,10,6,9,2.5798557658604166,2.2333696871279525,6.7666303128720475
return_count,2025-05-25 18:00:00,test,offday,5,18,12,2.4861056440093576,5.234580912738412,6.765419087261588
return_count,2025-02-24 18:00:00,test,weekday,2,18,10,1.6093211280871165,3.2399811526745914,6.760018847325409
return_count,2025-04-27 14:00:00,test,offday,4,14,8,2.896107420095974,1.2785707808348237,6.721429219165176
return_count,2025-01-23 19:00:00,test,weekday,1,19,8,1.1465817223185235,1.3896519848007876,6.610348015199213
return_count,2025-03-09 17:00:00,test,offday,3,17,10,2.1164448271314,3.4070233869335005,6.592976613066499
return_count,2025-10-24 07:00:00,test,weekday,10,7,14,2.9659485126534673,7.412439433709041,6.587560566290959
return_count,2025-07-08 07:00:00,test,weekday,7,7,13,2.6101468706049533,6.4292817221700425,6.5707182778299575
return_count,2025-07-11 07:00:00,test,weekday,7,7,13,2.6101468706049533,6.4292817221700425,6.5707182778299575
return_count,2025-11-04 07:00:00,test,weekday,11,7,13,2.61310253810987,6.4374488775644725,6.5625511224355275
return_count,2025-07-05 15:00:00,test,offday,7,15,8,2.7224780653211664,1.462905613721577,6.537094386278423
return_count,2025-09-18 19:00:00,test,weekday,9,19,10,2.7929085759194066,3.4729269335570754,6.527073066442925
return_count,2025-09-03 07:00:00,test,weekday,9,7,14,3.005364784825527,7.5213552097098635,6.4786447902901365
return_count,2025-09-19 07:00:00,test,weekday,9,7,14,3.005364784825527,7.5213552097098635,6.4786447902901365
return_count,2025-04-25 13:00:00,test,weekday,4,13,9,4.092276955952503,2.5385366591283516,6.461463340871648
return_count,2025-10-10 08:00:00,test,weekday,10,8,3,3.34489693490056,9.460735005506915,6.4607350055069155
return_count,2025-10-13 08:00:00,test,weekday,10,8,3,3.34489693490056,9.460735005506915,6.4607350055069155
return_count,2025-05-16 18:00:00,test,weekday,5,18,0,2.968319621451461,6.4263178936340974,6.4263178936340974
return_count,2025-10-10 07:00:00,test,weekday,10,7,1,2.9659485126534673,7.412439433709041,6.412439433709041
return_count,2025-12-18 07:00:00,test,weekday,12,7,10,1.5835551392208687,3.5925843660212,6.4074156339788
return_count,2025-09-11 08:00:00,test,weekday,9,8,16,3.3893492803849976,9.598035877709563,6.401964122290437
return_count,2025-09-19 08:00:00,test,weekday,9,8,16,3.3893492803849976,9.598035877709563,6.401964122290437
return_count,2025-09-23 08:00:00,test,weekday,9,8,16,3.3893492803849976,9.598035877709563,6.401964122290437
return_count,2025-12-02 08:00:00,test,weekday,12,8,11,1.785880202851916,4.645368015170314,6.354631984829686
return_count,2025-12-19 08:00:00,test,weekday,12,8,11,1.785880202851916,4.645368015170314,6.354631984829686
return_count,2025-08-05 07:00:00,test,weekday,8,7,13,2.688679165012666,6.646283617965862,6.353716382034138
return_count,2025-08-11 07:00:00,test,weekday,8,7,13,2.688679165012666,6.646283617965862,6.353716382034138
return_count,2025-03-25 09:00:00,test,weekday,3,9,10,2.7251942358252994,3.7004415932863606,6.29955840671364
return_count,2025-07-18 08:00:00,test,weekday,7,8,2,2.9436358149440545,8.22135154551993,6.22135154551993
return_count,2025-10-02 18:00:00,test,weekday,10,18,13,3.1423714782636374,6.834403575039026,6.165596424960974
return_count,2025-10-25 13:00:00,test,offday,10,13,8,2.956942214125968,1.8392050389071202,6.16079496109288
return_count,2025-06-01 13:00:00,test,offday,6,13,8,2.958168368795354,1.8398207582081036,6.160179241791896
return_count,2025-04-12 10:00:00,test,offday,4,10,8,2.050960546802603,1.8455986661419996,6.154401333858001
return_count,2025-07-05 12:00:00,test,offday,7,12,8,2.4288232265397802,1.8760914497752703,6.12390855022473
return_count,2025-07-12 12:00:00,test,offday,7,12,8,2.4288232265397802,1.8760914497752703,6.12390855022473
return_count,2025-01-03 21:00:00,test,weekday,1,21,7,0.8450197036271729,0.8937520198758842,6.106247980124116
return_count,2025-03-13 18:00:00,test,weekday,3,18,11,2.32020037734905,4.906723743905516,6.093276256094484
return_count,2025-06-16 17:00:00,test,weekday,6,17,12,3.51075216646754,5.909332844730873,6.090667155269127
return_count,2025-09-23 18:00:00,test,weekday,9,18,13,3.18413234124711,6.932316981645537,6.067683018354463
return_count,2025-04-30 07:00:00,test,weekday,4,7,13,2.7972610836059073,6.946319193923349,6.053680806076651
return_count,2025-07-03 18:00:00,test,weekday,7,18,12,2.7654057530925176,5.9505617267514435,6.0494382732485565
return_count,2025-07-22 18:00:00,test,weekday,7,18,12,2.7654057530925176,5.9505617267514435,6.0494382732485565
return_count,2025-07-28 18:00:00,test,weekday,7,18,12,2.7654057530925176,5.9505617267514435,6.0494382732485565
return_count,2025-09-05 17:00:00,test,weekday,9,17,12,3.5559341232638064,5.987174089665709,6.012825910334291
return_count,2025-09-15 17:00:00,test,weekday,9,17,12,3.5559341232638064,5.987174089665709,6.012825910334291
return_count,2025-07-21 19:00:00,test,weekday,7,19,9,2.4256295329370414,3.0081691439511977,5.991830856048802
return_count,2025-05-01 07:00:00,test,weekday,5,7,1,2.8016684937545246,6.958497831578251,5.958497831578251
return_count,2025-07-14 18:00:00,test,weekday,7,18,0,2.7654057530925176,5.9505617267514435,5.9505617267514435
return_count,2025-07-16 18:00:00,test,weekday,7,18,0,2.7654057530925176,5.9505617267514435,5.9505617267514435
return_count,2025-04-22 07:00:00,test,weekday,4,7,1,2.7972610836059073,6.946319193923349,5.946319193923349
return_count,2025-09-24 18:00:00,test,weekday,9,18,1,3.18413234124711,6.932316981645537,5.932316981645537
return_count,2025-06-20 17:00:00,test,weekday,6,17,0,3.51075216646754,5.909332844730873,5.909332844730873
return_count,2025-10-10 17:00:00,test,weekday,10,17,0,3.5092969669571326,5.9068257700145335,5.9068257700145335
return_count,2025-08-26 19:00:00,test,weekday,8,19,9,2.49861019726284,3.1005194505752955,5.8994805494247045
return_count,2025-06-29 12:00:00,test,offday,6,12,8,2.761052223204791,2.1021235139839574,5.897876486016043
return_count,2025-06-13 18:00:00,test,weekday,6,18,1,3.143674524850957,6.837458725752315,5.837458725752315
return_count,2025-09-25 22:00:00,test,weekday,9,22,8,1.7650678897656777,2.1759487649472216,5.824051235052778
return_count,2025-07-09 17:00:00,test,weekday,7,17,11,3.088314061167526,5.181539930122474,5.818460069877526
return_count,2025-11-06 17:00:00,test,weekday,11,17,11,3.0918111936922776,5.187564927017943,5.812435072982057
return_count,2025-07-21 08:00:00,test,weekday,7,8,14,2.9436358149440545,8.22135154551993,5.77864845448007
return_count,2025-11-24 08:00:00,test,weekday,11,8,14,2.946969117304363,8.231647184960277,5.768352815039723
return_count,2025-11-28 08:00:00,test,weekday,11,8,14,2.946969117304363,8.231647184960277,5.768352815039723
return_count,2025-05-21 19:00:00,test,weekday,5,19,9,2.603612048227443,3.2333896186158335,5.766610381384167
return_count,2025-03-18 08:00:00,test,weekday,3,8,1,2.4697370072994422,6.757610568158476,5.757610568158476
return_count,2025-03-11 07:00:00,test,weekday,3,7,11,2.189936774139432,5.26814937205488,5.73185062794512
return_count,2025-05-31 14:00:00,test,offday,5,14,7,2.9006705741432044,1.2798037525933075,5.720196247406692
return_count,2025-03-14 17:00:00,test,weekday,3,17,10,2.5911233612211078,4.32496031741635,5.67503968258365
return_count,2025-03-28 17:00:00,test,weekday,3,17,10,2.5911233612211078,4.32496031741635,5.67503968258365
return_count,2025-10-03 14:00:00,test,offday,10,14,7,3.07075572797283,1.3257610420117076,5.674238957988292
return_count,2025-06-03 14:00:00,test,offday,6,14,7,3.0720290776705044,1.3261051032026416,5.673894896797359
return_count,2025-09-14 14:00:00,test,offday,9,14,7,3.1115648462131875,1.3367877331464342,5.663212266853566
return_count,2025-09-27 14:00:00,test,offday,9,14,7,3.1115648462131875,1.3367877331464342,5.663212266853566
return_count,2025-04-20 16:00:00,test,offday,4,16,8,2.851911978779731,2.3503687045797936,5.649631295420207
return_count,2025-08-13 07:00:00,test,weekday,8,7,1,2.688679165012666,6.646283617965862,5.646283617965862
return_count,2025-08-14 07:00:00,test,weekday,8,7,1,2.688679165012666,6.646283617965862,5.646283617965862
return_count,2025-09-17 08:00:00,test,weekday,9,8,4,3.3893492803849976,9.598035877709563,5.598035877709563
return_count,2025-10-29 07:00:00,test,weekday,10,7,13,2.9659485126534673,7.412439433709041,5.587560566290959
return_count,2025-04-09 18:00:00,test,weekday,4,18,12,2.9636500461419306,6.415369508153111,5.584630491846889
return_count,2025-06-10 07:00:00,test,weekday,6,7,13,2.9671784019629626,7.415837886712259,5.584162113287741
return_count,2025-06-08 18:00:00,test,offday,6,18,0,2.6329735257211766,5.583133496099881,5.583133496099881
return_count,2025-06-14 18:00:00,test,offday,6,18,0,2.6329735257211766,5.583133496099881,5.583133496099881
return_count,2025-10-06 18:00:00,test,offday,10,18,0,2.631882163641523,5.580543433059466,5.580543433059466
return_count,2025-05-14 18:00:00,test,weekday,5,18,12,2.968319621451461,6.4263178936340974,5.5736821063659026
return_count,2025-05-27 18:00:00,test,weekday,5,18,12,2.968319621451461,6.4263178936340974,5.5736821063659026
return_count,2025-10-30 19:00:00,test,weekday,10,19,9,2.756278731470587,3.426575240301172,5.573424759698828
return_count,2025-01-06 08:00:00,test,weekday,1,8,9,1.3914404391714041,3.427053818370505,5.572946181629495
return_count,2025-01-17 08:00:00,test,weekday,1,8,9,1.3914404391714041,3.427053818370505,5.572946181629495
return_count,2025-05-01 17:00:00,test,weekday,5,17,0,3.3149215859974843,5.571948250060995,5.571948250060995
return_count,2025-07-14 07:00:00,test,weekday,7,7,12,2.6101468706049533,6.4292817221700425,5.5707182778299575
return_count,2025-07-21 07:00:00,test,weekday,7,7,12,2.6101468706049533,6.4292817221700425,5.5707182778299575
return_count,2025-07-25 07:00:00,test,weekday,7,7,12,2.6101468706049533,6.4292817221700425,5.5707182778299575
return_count,2025-11-11 07:00:00,test,weekday,11,7,12,2.61310253810987,6.4374488775644725,5.5625511224355275
return_count,2025-11-28 07:00:00,test,weekday,11,7,12,2.61310253810987,6.4374488775644725,5.5625511224355275
return_count,2025-03-08 10:00:00,test,offday,3,10,7,1.6056684698026997,1.4447543408098473,5.5552456591901525
return_count,2025-06-27 20:00:00,test,weekday,6,20,8,2.378316116333759,2.4449100221268134,5.555089977873187
return_count,2025-10-27 08:00:00,test,weekday,10,8,15,3.34489693490056,9.460735005506915,5.5392649944930845
return_count,2025-10-30 08:00:00,test,weekday,10,8,15,3.34489693490056,9.460735005506915,5.5392649944930845
return_count,2025-08-22 08:00:00,test,weekday,8,8,14,3.032201894137405,8.494907412781714,5.505092587218286
return_count,2025-08-26 08:00:00,test,weekday,8,8,3,3.032201894137405,8.494907412781714,5.494907412781714
return_count,2025-09-05 07:00:00,test,weekday,9,7,13,3.005364784825527,7.5213552097098635,5.4786447902901365
return_count,2025-09-15 07:00:00,test,weekday,9,7,13,3.005364784825527,7.5213552097098635,5.4786447902901365
return_count,2025-09-22 07:00:00,test,weekday,9,7,13,3.005364784825527,7.5213552097098635,5.4786447902901365
return_count,2025-01-03 18:00:00,test,weekday,1,18,8,1.307192070444119,2.531602945060742,5.468397054939258
return_count,2025-01-07 18:00:00,test,weekday,1,18,8,1.307192070444119,2.531602945060742,5.468397054939258
return_count,2025-10-27 11:00:00,test,weekday,10,11,8,4.193469889223172,2.5401096657802817,5.459890334219718
return_count,2025-06-28 11:00:00,test,offday,6,11,7,2.4941137804709803,1.5583463774857893,5.4416536225142105
return_count,2025-04-11 17:00:00,test,weekday,4,17,11,3.309706758093125,5.562963940283828,5.437036059716172
return_count,2025-04-18 17:00:00,test,weekday,4,17,11,3.309706758093125,5.562963940283828,5.437036059716172
return_count,2025-04-29 17:00:00,test,weekday,4,17,11,3.309706758093125,5.562963940283828,5.437036059716172
return_count,2025-07-17 07:00:00,test,weekday,7,7,1,2.6101468706049533,6.4292817221700425,5.4292817221700425
return_count,2025-05-02 17:00:00,test,weekday,5,17,11,3.3149215859974843,5.571948250060995,5.428051749939005
return_count,2025-05-09 18:00:00,test,weekday,5,18,1,2.968319621451461,6.4263178936340974,5.4263178936340974
return_count,2025-05-29 18:00:00,test,weekday,5,18,1,2.968319621451461,6.4263178936340974,5.4263178936340974
return_count,2025-10-13 07:00:00,test,weekday,10,7,2,2.9659485126534673,7.412439433709041,5.412439433709041
return_count,2025-09-08 08:00:00,test,weekday,9,8,15,3.3893492803849976,9.598035877709563,5.401964122290437
return_count,2025-01-03 07:00:00,test,weekday,1,7,8,1.2338020517002874,2.626140132794339,5.3738598672056614
return_count,2025-01-20 07:00:00,test,weekday,1,7,8,1.2338020517002874,2.626140132794339,5.3738598672056614
return_count,2025-01-22 07:00:00,test,weekday,1,7,8,1.2338020517002874,2.626140132794339,5.3738598672056614
return_count,2025-01-24 07:00:00,test,weekday,1,7,8,1.2338020517002874,2.626140132794339,5.3738598672056614
return_count,2025-12-18 08:00:00,test,weekday,12,8,10,1.785880202851916,4.645368015170314,5.354631984829686
return_count,2025-08-12 07:00:00,test,weekday,8,7,12,2.688679165012666,6.646283617965862,5.353716382034138
return_count,2025-08-25 07:00:00,test,weekday,8,7,12,2.688679165012666,6.646283617965862,5.353716382034138
return_count,2025-11-09 13:00:00,test,offday,11,13,7,2.6051676796857333,1.6625598114678861,5.337440188532113
return_count,2025-09-27 18:00:00,test,offday,9,18,11,2.666858827344317,5.6635514151238855,5.3364485848761145
return_count,2025-07-12 10:00:00,test,offday,7,10,7,1.9137678225123587,1.7221001180000464,5.277899881999954
return_count,2025-04-27 13:00:00,test,offday,4,13,7,2.788767015596691,1.754755076543828,5.2452449234561715
return_count,2025-05-04 13:00:00,test,offday,5,13,7,2.79316104235333,1.7569615576270472,5.243038442372953
return_count,2025-05-06 18:00:00,test,offday,5,18,0,2.4861056440093576,5.234580912738412,5.234580912738412
return_count,2025-05-10 18:00:00,test,offday,5,18,0,2.4861056440093576,5.234580912738412,5.234580912738412
return_count,2025-05-17 18:00:00,test,offday,5,18,0,2.4861056440093576,5.234580912738412,5.234580912738412
return_count,2025-04-05 18:00:00,test,offday,4,18,0,2.482194657655916,5.22529920743229,5.22529920743229
return_count,2025-04-12 18:00:00,test,offday,4,18,0,2.482194657655916,5.22529920743229,5.22529920743229
return_count,2025-04-19 18:00:00,test,offday,4,18,0,2.482194657655916,5.22529920743229,5.22529920743229
return_count,2025-09-27 17:00:00,test,offday,9,17,10,2.9045079417812802,4.7880804293999315,5.2119195706000685
return_count,2025-10-24 18:00:00,test,weekday,10,18,12,3.1423714782636374,6.834403575039026,5.165596424960974
return_count,2025-10-28 18:00:00,test,weekday,10,18,12,3.1423714782636374,6.834403575039026,5.165596424960974
return_count,2025-07-01 22:00:00,test,weekday,7,22,7,1.5329541532325606,1.8474593508757269,5.152540649124273
return_count,2025-07-11 22:00:00,test,weekday,7,22,7,1.5329541532325606,1.8474593508757269,5.152540649124273
return_count,2025-08-13 18:00:00,test,weekday,8,18,1,2.848609369411744,6.145642693325829,5.145642693325829
return_count,2025-11-22 12:00:00,test,offday,11,12,7,2.4315735675135843,1.8779626448058881,5.122037355194112
return_count,2025-05-08 08:00:00,test,weekday,5,8,14,3.159627457249084,8.888489365893097,5.111510634106903
return_count,2025-03-15 16:00:00,test,offday,3,16,7,2.2327221994192614,1.8939514212440896,5.10604857875591
return_count,2025-03-28 18:00:00,test,weekday,3,18,10,2.32020037734905,4.906723743905516,5.093276256094484
return_count,2025-08-10 12:00:00,test,offday,8,12,7,2.5018999805106037,1.9258092339286823,5.074190766071318
return_count,2025-04-02 07:00:00,test,weekday,4,7,12,2.7972610836059073,6.946319193923349,5.053680806076651
return_count,2025-04-21 07:00:00,test,weekday,4,7,12,2.7972610836059073,6.946319193923349,5.053680806076651
return_count,2025-07-01 18:00:00,test,weekday,7,18,11,2.7654057530925176,5.9505617267514435,5.0494382732485565
return_count,2025-05-19 07:00:00,test,weekday,5,7,12,2.8016684937545246,6.958497831578251,5.041502168421749
return_count,2025-04-27 12:00:00,test,offday,4,12,7,2.602938848794821,1.9945510481376902,5.005448951862309
return_count,2025-04-04 16:00:00,test,weekday,4,16,8,3.6141031509470243,2.996362590346776,5.003637409653225
return_count,2025-04-25 16:00:00,test,weekday,4,16,8,3.6141031509470243,2.996362590346776,5.003637409653225
return_count,2025-04-18 22:00:00,test,weekday,4,22,7,1.6428473983901308,2.002981243941607,4.997018756058393
return_count,2025-08-23 18:00:00,test,offday,8,18,0,2.3858427440537944,4.996633089242216,4.996633089242216
return_count,2025-11-04 19:00:00,test,weekday,11,19,8,2.428376257449064,3.011644870751448,4.988355129248552
return_count,2025-11-11 19:00:00,test,weekday,11,19,8,2.428376257449064,3.011644870751448,4.988355129248552
return_count,2025-09-16 17:00:00,test,weekday,9,17,1,3.5559341232638064,5.987174089665709,4.987174089665709
return_count,2025-09-17 17:00:00,test,weekday,9,17,1,3.5559341232638064,5.987174089665709,4.987174089665709
return_count,2025-09-19 17:00:00,test,weekday,9,17,1,3.5559341232638064,5.987174089665709,4.987174089665709
return_count,2025-09-24 17:00:00,test,weekday,9,17,1,3.5559341232638064,5.987174089665709,4.987174089665709
return_count,2025-08-22 12:00:00,test,weekday,8,12,8,3.912370901363571,3.022227641373726,4.977772358626273
return_count,2025-06-20 09:00:00,test,weekday,6,9,0,3.69240681885547,4.976351864484764,4.976351864484764
return_count,2025-12-09 12:00:00,test,weekday,12,12,7,2.304274577648717,2.0255489759833134,4.974451024016687
return_count,2025-08-18 06:00:00,test,weekday,8,6,7,2.338679992863762,2.0371502439291147,4.962849756070885
return_count,2025-05-09 07:00:00,test,weekday,5,7,2,2.8016684937545246,6.958497831578251,4.958497831578251
return_count,2025-07-17 18:00:00,test,weekday,7,18,1,2.7654057530925176,5.9505617267514435,4.9505617267514435
return_count,2025-09-14 20:00:00,test,offday,9,20,7,2.026332426616936,2.0534809810507406,4.946519018949259
return_count,2025-10-17 15:00:00,test,weekday,10,15,7,4.088634998631732,2.0670145672433353,4.932985432756665
return_count,2025-10-13 17:00:00,test,weekday,10,17,1,3.5092969669571326,5.9068257700145335,4.9068257700145335
return_count,2025-08-21 19:00:00,test,weekday,8,19,8,2.49861019726284,3.1005194505752955,4.8994805494247045
return_count,2025-05-16 08:00:00,test,weekday,5,8,4,3.159627457249084,8.888489365893097,4.888489365893097
return_count,2025-04-10 12:00:00,test,weekday,4,12,8,4.07037143346366,3.1201544615163823,4.879845538483618
return_count,2025-11-29 17:00:00,test,offday,11,17,9,2.5254095985122,4.12372191924212,4.87627808075788
return_count,2025-04-18 08:00:00,test,weekday,4,8,4,3.1546569283831696,8.873136791329006,4.8731367913290065
return_count,2025-10-24 16:00:00,test,weekday,10,16,8,3.832049831869652,3.149968238547771,4.850031761452229
return_count,2025-07-04 21:00:00,test,weekday,7,21,7,1.7876656405153848,2.149970066694271,4.850029933305729
return_count,2025-10-17 18:00:00,test,weekday,10,18,2,3.1423714782636374,6.834403575039026,4.834403575039026
return_count,2025-07-10 17:00:00,test,weekday,7,17,10,3.088314061167526,5.181539930122474,4.818460069877526
return_count,2025-11-07 17:00:00,test,weekday,11,17,10,3.0918111936922776,5.187564927017943,4.812435072982057
return_count,2025-09-06 17:00:00,test,offday,9,17,0,2.9045079417812802,4.7880804293999315,4.7880804293999315
return_count,2025-07-07 08:00:00,test,weekday,7,8,13,2.9436358149440545,8.22135154551993,4.77864845448007
return_count,2025-07-24 08:00:00,test,weekday,7,8,13,2.9436358149440545,8.22135154551993,4.77864845448007
return_count,2025-07-20 14:00:00,test,offday,7,14,6,2.702381184152734,1.2262256319919156,4.773774368008084
return_count,2025-04-08 19:00:00,test,weekday,4,19,8,2.5995162081271594,3.228206710339528,4.771793289660472
return_count,2025-11-04 08:00:00,test,weekday,11,8,13,2.946969117304363,8.231647184960277,4.768352815039723
return_count,2025-11-17 08:00:00,test,weekday,11,8,13,2.946969117304363,8.231647184960277,4.768352815039723
return_count,2025-10-22 06:00:00,test,weekday,10,6,7,2.5798557658604166,2.2333696871279525,4.7666303128720475
return_count,2025-05-20 19:00:00,test,weekday,5,19,8,2.603612048227443,3.2333896186158335,4.766610381384167
return_count,2025-03-19 08:00:00,test,weekday,3,8,2,2.4697370072994422,6.757610568158476,4.757610568158476
return_count,2025-08-09 14:00:00,test,offday,8,14,6,2.783688560816392,1.2481950194254923,4.751804980574508
return_count,2025-08-16 14:00:00,test,offday,8,14,6,2.783688560816392,1.2481950194254923,4.751804980574508
return_count,2025-08-17 14:00:00,test,offday,8,14,6,2.783688560816392,1.2481950194254923,4.751804980574508
return_count,2025-06-17 12:00:00,test,weekday,6,12,8,4.31762279042307,3.273397864188305,4.726602135811695
return_count,2025-10-06 17:00:00,test,offday,10,17,0,2.866414437745694,4.721322702712085,4.721322702712085
return_count,2025-10-07 17:00:00,test,offday,10,17,0,2.866414437745694,4.721322702712085,4.721322702712085
return_count,2025-10-25 14:00:00,test,offday,10,14,6,3.07075572797283,1.3257610420117076,4.674238957988292
return_count,2025-09-06 18:00:00,test,offday,9,18,1,2.666858827344317,5.6635514151238855,4.6635514151238855
return_count,2025-09-20 14:00:00,test,offday,9,14,6,3.1115648462131875,1.3367877331464342,4.663212266853566
return_count,2025-09-25 08:00:00,test,weekday,9,8,5,3.3893492803849976,9.598035877709563,4.598035877709563
return_count,2025-10-28 07:00:00,test,weekday,10,7,12,2.9659485126534673,7.412439433709041,4.587560566290959
return_count,2025-04-23 18:00:00,test,weekday,4,18,11,2.9636500461419306,6.415369508153111,4.584630491846889
return_count,2025-06-18 07:00:00,test,weekday,6,7,12,2.9671784019629626,7.415837886712259,4.584162113287741
return_count,2025-06-19 07:00:00,test,weekday,6,7,12,2.9671784019629626,7.415837886712259,4.584162113287741
return_count,2025-06-27 07:00:00,test,weekday,6,7,12,2.9671784019629626,7.415837886712259,4.584162113287741
return_count,2025-06-06 18:00:00,test,offday,6,18,1,2.6329735257211766,5.583133496099881,4.583133496099881
return_count,2025-10-07 18:00:00,test,offday,10,18,1,2.631882163641523,5.580543433059466,4.580543433059466
return_count,2025-05-12 18:00:00,test,weekday,5,18,11,2.968319621451461,6.4263178936340974,4.5736821063659026
return_count,2025-05-22 18:00:00,test,weekday,5,18,11,2.968319621451461,6.4263178936340974,4.5736821063659026
return_count,2025-01-07 08:00:00,test,weekday,1,8,8,1.3914404391714041,3.427053818370505,4.572946181629495
return_count,2025-01-13 08:00:00,test,weekday,1,8,8,1.3914404391714041,3.427053818370505,4.572946181629495
return_count,2025-01-15 08:00:00,test,weekday,1,8,8,1.3914404391714041,3.427053818370505,4.572946181629495
return_count,2025-06-05 19:00:00,test,weekday,6,19,8,2.7574216770515245,3.428021532628452,4.571978467371547
return_count,2025-06-27 19:00:00,test,weekday,6,19,8,2.7574216770515245,3.428021532628452,4.571978467371547
return_count,2025-05-09 17:00:00,test,weekday,5,17,1,3.3149215859974843,5.571948250060995,4.571948250060995
return_count,2025-05-16 17:00:00,test,weekday,5,17,1,3.3149215859974843,5.571948250060995,4.571948250060995
return_count,2025-07-04 07:00:00,test,weekday,7,7,11,2.6101468706049533,6.4292817221700425,4.5707182778299575
return_count,2025-07-16 07:00:00,test,weekday,7,7,11,2.6101468706049533,6.4292817221700425,4.5707182778299575
return_count,2025-07-18 07:00:00,test,weekday,7,7,11,2.6101468706049533,6.4292817221700425,4.5707182778299575
return_count,2025-07-31 07:00:00,test,weekday,7,7,11,2.6101468706049533,6.4292817221700425,4.5707182778299575
return_count,2025-08-03 11:00:00,test,offday,8,11,6,2.2600163685092105,1.435623791877312,4.564376208122688
return_count,2025-04-14 17:00:00,test,weekday,4,17,1,3.309706758093125,5.562963940283828,4.562963940283828
return_count,2025-11-12 07:00:00,test,weekday,11,7,11,2.61310253810987,6.4374488775644725,4.5625511224355275
return_count,2025-11-24 07:00:00,test,weekday,11,7,11,2.61310253810987,6.4374488775644725,4.5625511224355275
return_count,2025-07-27 00:00:00,test,offday,7,0,5,0.6262617467058997,0.44649932377155144,4.553500676228449
return_count,2025-04-09 10:00:00,test,weekday,4,10,8,3.753929893342936,3.44694227574665,4.55305772425335
return_count,2025-10-28 08:00:00,test,weekday,10,8,14,3.34489693490056,9.460735005506915,4.5392649944930845
return_count,2025-10-29 08:00:00,test,weekday,10,8,14,3.34489693490056,9.460735005506915,4.5392649944930845
return_count,2025-09-05 19:00:00,test,weekday,9,19,8,2.7929085759194066,3.4729269335570754,4.527073066442925
return_count,2025-09-15 19:00:00,test,weekday,9,19,8,2.7929085759194066,3.4729269335570754,4.527073066442925
return_count,2025-10-12 16:00:00,test,offday,10,16,7,3.0238951026968364,2.477140936316092,4.522859063683908
return_count,2025-10-19 16:00:00,test,offday,10,16,7,3.0238951026968364,2.477140936316092,4.522859063683908
return_count,2025-06-28 16:00:00,test,offday,6,16,7,3.0251490207078793,2.4780652245895793,4.52193477541042
return_count,2025-09-01 07:00:00,test,weekday,9,7,3,3.005364784825527,7.5213552097098635,4.5213552097098635
return_count,2025-09-04 07:00:00,test,weekday,9,7,3,3.005364784825527,7.5213552097098635,4.5213552097098635
return_count,2025-08-27 08:00:00,test,weekday,8,8,13,3.032201894137405,8.494907412781714,4.505092587218286
return_count,2025-09-02 21:00:00,test,weekday,9,21,7,2.0583467633766923,2.5106935347165633,4.489306465283437
return_count,2025-03-25 19:00:00,test,weekday,3,19,7,2.0351250630529947,2.51402171647808,4.48597828352192
return_count,2025-08-08 09:00:00,test,weekday,8,9,9,3.34583767394628,4.519170951593052,4.480829048406948
return_count,2025-06-12 08:00:00,test,weekday,6,8,5,3.3462839626807277,9.465019146690265,4.465019146690265
return_count,2025-06-13 08:00:00,test,weekday,6,8,5,3.3462839626807277,9.465019146690265,4.465019146690265
return_count,2025-06-25 08:00:00,test,weekday,6,8,5,3.3462839626807277,9.465019146690265,4.465019146690265
return_count,2025-06-30 08:00:00,test,weekday,6,8,5,3.3462839626807277,9.465019146690265,4.465019146690265
return_count,2025-05-17 15:00:00,test,offday,5,15,6,2.922242080109563,1.5373389825587964,4.462661017441204
return_count,2025-05-18 15:00:00,test,offday,5,15,6,2.922242080109563,1.5373389825587964,4.462661017441204
return_count,2025-05-24 15:00:00,test,offday,5,15,6,2.922242080109563,1.5373389825587964,4.462661017441204
return_count,2025-04-24 13:00:00,test,weekday,4,13,7,4.092276955952503,2.5385366591283516,4.461463340871648
return_count,2025-10-14 08:00:00,test,weekday,10,8,5,3.34489693490056,9.460735005506915,4.4607350055069155
return_count,2025-10-28 11:00:00,test,weekday,10,11,7,4.193469889223172,2.5401096657802817,4.459890334219718
return_count,2025-09-13 22:00:00,test,offday,9,22,6,1.314130791550572,1.540647246810285,4.459352753189715
return_count,2025-05-04 17:00:00,test,offday,5,17,0,2.7076474814090914,4.443088359442461,4.443088359442461
return_count,2025-10-09 11:00:00,test,offday,10,11,6,2.493079975468478,1.5578044183848367,4.442195581615163
return_count,2025-06-01 11:00:00,test,offday,6,11,6,2.4941137804709803,1.5583463774857893,4.4416536225142105
return_count,2025-04-01 17:00:00,test,weekday,4,17,10,3.309706758093125,5.562963940283828,4.437036059716172
return_count,2025-04-05 17:00:00,test,offday,4,17,0,2.703387979253485,4.4356237092893895,4.4356237092893895
return_count,2025-04-12 17:00:00,test,offday,4,17,0,2.703387979253485,4.4356237092893895,4.4356237092893895
return_count,2025-04-19 17:00:00,test,offday,4,17,0,2.703387979253485,4.4356237092893895,4.4356237092893895
return_count,2025-05-27 17:00:00,test,weekday,5,17,10,3.3149215859974843,5.571948250060995,4.428051749939005
return_count,2025-05-29 17:00:00,test,weekday,5,17,10,3.3149215859974843,5.571948250060995,4.428051749939005
return_count,2025-05-28 18:00:00,test,weekday,5,18,2,2.968319621451461,6.4263178936340974,4.4263178936340974
return_count,2025-02-07 08:00:00,test,weekday,2,8,0,1.7130416775497745,4.420390166533739,4.420390166533739
return_count,2025-06-20 07:00:00,test,weekday,6,7,3,2.9671784019629626,7.415837886712259,4.415837886712259
return_count,2025-06-25 07:00:00,test,weekday,6,7,3,2.9671784019629626,7.415837886712259,4.415837886712259
return_count,2025-04-14 18:00:00,test,weekday,4,18,2,2.9636500461419306,6.415369508153111,4.415369508153111
return_count,2025-12-30 07:00:00,test,weekday,12,7,8,1.5835551392208687,3.5925843660212,4.4074156339788
return_count,2025-09-02 08:00:00,test,weekday,9,8,14,3.3893492803849976,9.598035877709563,4.401964122290437
return_count,2025-09-05 08:00:00,test,weekday,9,8,14,3.3893492803849976,9.598035877709563,4.401964122290437
return_count,2025-09-16 08:00:00,test,weekday,9,8,14,3.3893492803849976,9.598035877709563,4.401964122290437
return_count,2025-06-06 15:00:00,test,offday,6,15,6,3.09487493068412,1.601663103466397,4.398336896533603
return_count,2025-06-07 15:00:00,test,offday,6,15,6,3.09487493068412,1.601663103466397,4.398336896533603
return_count,2025-09-27 15:00:00,test,offday,9,15,6,3.13470471609125,1.6165039400958399,4.38349605990416
return_count,2025-12-04 08:00:00,test,weekday,12,8,9,1.785880202851916,4.645368015170314,4.354631984829686
return_count,2025-12-12 08:00:00,test,weekday,12,8,9,1.785880202851916,4.645368015170314,4.354631984829686
return_count,2025-12-17 08:00:00,test,weekday,12,8,9,1.785880202851916,4.645368015170314,4.354631984829686
return_count,2025-12-23 08:00:00,test,weekday,12,8,9,1.785880202851916,4.645368015170314,4.354631984829686
return_count,2025-08-29 07:00:00,test,weekday,8,7,11,2.688679165012666,6.646283617965862,4.353716382034138
return_count,2025-08-06 17:00:00,test,weekday,8,17,1,3.1812331194038452,5.341624523268848,4.341624523268848
return_count,2025-08-13 17:00:00,test,weekday,8,17,1,3.1812331194038452,5.341624523268848,4.341624523268848
return_count,2025-07-05 13:00:00,test,offday,7,13,6,2.6022209872603845,1.6610801160871573,4.338919883912842
return_count,2025-04-02 09:00:00,test,weekday,4,9,9,3.4809588437259116,4.6974176901105125,4.3025823098894875
return_count,2025-08-16 13:00:00,test,offday,8,13,6,2.68051481316992,1.7003957268856629,4.299604273114337
return_count,2025-03-26 09:00:00,test,weekday,3,9,8,2.7251942358252994,3.7004415932863606,4.29955840671364
return_count,2025-04-25 14:00:00,test,weekday,4,14,6,4.019191293618333,1.7018768409730058,4.298123159026995
return_count,2025-05-26 09:00:00,test,weekday,5,9,9,3.486443499207186,4.704652840257772,4.295347159742228
return_count,2025-11-01 10:00:00,test,offday,11,10,6,1.9159349271410895,1.724050908588283,4.275949091411717
return_count,2025-08-17 17:00:00,test,offday,8,17,0,2.598449954265538,4.251722958527173,4.251722958527173
return_count,2025-05-24 13:00:00,test,offday,5,13,6,2.79316104235333,1.7569615576270472,4.243038442372953
return_count,2025-05-03 18:00:00,test,offday,5,18,1,2.4861056440093576,5.234580912738412,4.234580912738412
return_count,2025-11-25 08:00:00,test,weekday,11,8,4,2.946969117304363,8.231647184960277,4.231647184960277
return_count,2025-04-13 18:00:00,test,offday,4,18,1,2.482194657655916,5.22529920743229,4.22529920743229
return_count,2025-04-27 18:00:00,test,offday,4,18,1,2.482194657655916,5.22529920743229,4.22529920743229
return_count,2025-12-17 19:00:00,test,weekday,12,19,6,1.4716099526760011,1.8009452638123653,4.199054736187635
return_count,2025-07-14 17:00:00,test,weekday,7,17,1,3.088314061167526,5.181539930122474,4.181539930122474
return_count,2025-07-16 17:00:00,test,weekday,7,17,1,3.088314061167526,5.181539930122474,4.181539930122474
return_count,2025-10-23 18:00:00,test,weekday,10,18,11,3.1423714782636374,6.834403575039026,4.165596424960974
return_count,2025-06-21 13:00:00,test,offday,6,13,6,2.958168368795354,1.8398207582081036,4.160179241791896
return_count,2025-07-07 22:00:00,test,weekday,7,22,6,1.5329541532325606,1.8474593508757269,4.152540649124273
return_count,2025-07-25 22:00:00,test,weekday,7,22,6,1.5329541532325606,1.8474593508757269,4.152540649124273
return_count,2025-10-08 19:00:00,test,offday,10,19,7,2.3362812672816125,2.854381520034766,4.1456184799652345
return_count,2025-11-09 12:00:00,test,offday,11,12,6,2.4315735675135843,1.8779626448058881,4.122037355194112
return_count,2025-11-15 12:00:00,test,offday,11,12,6,2.4315735675135843,1.8779626448058881,4.122037355194112
return_count,2025-07-19 17:00:00,test,offday,7,17,0,2.522553120062515,4.118716026178156,4.118716026178156
return_count,2025-07-26 17:00:00,test,offday,7,17,0,2.522553120062515,4.118716026178156,4.118716026178156
return_count,2025-05-30 08:00:00,test,weekday,5,8,13,3.159627457249084,8.888489365893097,4.111510634106903
return_count,2025-03-09 16:00:00,test,offday,3,16,6,2.2327221994192614,1.8939514212440896,4.10604857875591
return_count,2025-07-04 15:00:00,test,weekday,7,15,6,3.5981534410308824,1.9021473556136281,4.097852644386371
return_count,2025-11-07 15:00:00,test,weekday,11,15,6,3.6022279034004634,1.9035169183206315,4.096483081679368
return_count,2025-11-13 15:00:00,test,weekday,11,15,6,3.6022279034004634,1.9035169183206315,4.096483081679368
return_count,2025-03-05 18:00:00,test,weekday,3,18,9,2.32020037734905,4.906723743905516,4.093276256094484
return_count,2025-03-11 18:00:00,test,weekday,3,18,9,2.32020037734905,4.906723743905516,4.093276256094484
return_count,2025-03-21 18:00:00,test,weekday,3,18,9,2.32020037734905,4.906723743905516,4.093276256094484
return_count,2025-03-31 18:00:00,test,weekday,3,18,9,2.32020037734905,4.906723743905516,4.093276256094484
return_count,2025-10-23 17:00:00,test,weekday,10,17,10,3.5092969669571326,5.9068257700145335,4.0931742299854665
return_count,2025-08-28 22:00:00,test,weekday,8,22,6,1.5790766179225586,1.9127322710735752,4.087267728926425
return_count,2025-08-30 12:00:00,test,offday,8,12,6,2.5018999805106037,1.9258092339286823,4.074190766071318
return_count,2025-09-02 18:00:00,test,weekday,9,18,11,3.18413234124711,6.932316981645537,4.067683018354463
return_count,2025-09-25 18:00:00,test,weekday,9,18,11,3.18413234124711,6.932316981645537,4.067683018354463
return_count,2025-09-29 18:00:00,test,weekday,9,18,11,3.18413234124711,6.932316981645537,4.067683018354463
return_count,2025-03-22 18:00:00,test,offday,3,18,8,1.9432756538999416,3.946315614884035,4.0536843851159645
return_count,2025-03-23 18:00:00,test,offday,3,18,8,1.9432756538999416,3.946315614884035,4.0536843851159645
return_count,2025-04-11 07:00:00,test,weekday,4,7,11,2.7972610836059073,6.946319193923349,4.053680806076651
return_count,2025-07-07 18:00:00,test,weekday,7,18,10,2.7654057530925176,5.9505617267514435,4.0494382732485565
return_count,2025-07-11 18:00:00,test,weekday,7,18,10,2.7654057530925176,5.9505617267514435,4.0494382732485565
return_count,2025-07-23 18:00:00,test,weekday,7,18,10,2.7654057530925176,5.9505617267514435,4.0494382732485565
return_count,2025-11-26 12:00:00,test,weekday,11,12,7,3.8023972757389917,2.9540673173936023,4.045932682606398
return_count,2025-02-28 17:00:00,test,weekday,2,17,7,1.7972368298024406,2.9572215047464945,4.042778495253506
return_count,2025-11-05 18:00:00,test,weekday,11,18,10,2.7685372320197668,5.957903858775987,4.042096141224013
return_count,2025-11-14 18:00:00,test,weekday,11,18,10,2.7685372320197668,5.957903858775987,4.042096141224013
return_count,2025-09-03 09:00:00,test,weekday,9,9,1,3.7399265973682407,5.0390381596729075,4.0390381596729075
return_count,2025-09-04 09:00:00,test,weekday,9,9,1,3.7399265973682407,5.0390381596729075,4.0390381596729075
return_count,2025-01-18 13:00:00,test,offday,1,13,5,1.2300555302910157,0.9720408153421084,4.027959184657892
return_count,2025-06-09 09:00:00,test,weekday,6,9,9,3.69240681885547,4.976351864484764,4.023648135515236
return_count,2025-09-13 10:00:00,test,offday,9,10,6,2.203542829288312,1.982950631828641,4.017049368171359
return_count,2025-08-02 18:00:00,test,offday,8,18,1,2.3858427440537944,4.996633089242216,3.9966330892422164
return_count,2025-08-03 18:00:00,test,offday,8,18,1,2.3858427440537944,4.996633089242216,3.9966330892422164
return_count,2025-08-16 18:00:00,test,offday,8,18,1,2.3858427440537944,4.996633089242216,3.9966330892422164
return_count,2025-08-31 18:00:00,test,offday,8,18,1,2.3858427440537944,4.996633089242216,3.9966330892422164
return_count,2025-11-21 19:00:00,test,weekday,11,19,7,2.428376257449064,3.011644870751448,3.988355129248552
return_count,2025-09-22 17:00:00,test,weekday,9,17,2,3.5559341232638064,5.987174089665709,3.987174089665709
return_count,2025-06-18 09:00:00,test,weekday,6,9,1,3.69240681885547,4.976351864484764,3.976351864484764
return_count,2025-10-10 09:00:00,test,weekday,10,9,1,3.690876323867432,4.974332893361439,3.9743328933614386
return_count,2025-10-13 09:00:00,test,weekday,10,9,1,3.690876323867432,4.974332893361439,3.9743328933614386
